Index,Dataset,Average number of tokens,Number of unique tokens,Minimum number of tokens,Maximum number of tokens,Mean distance,Fisher ratio,CalHara Index,DaBou Index,Number of cluster,Pearson Med,Number of labels,Kurtosis,Misclassification rate,Number of classes,ASR_TextFooler,ASR_PWWS,ASR_BERT,ASR_DeepWordBug
0,ag_news,46.40666667,7425,14,161,3.883216169,14.25440781,4257.316466,0,0,0.38604927,4,1.517387474,0.85,4,0.5,0.53,Nan,0.16
1,amazon_review_polarity,97.98777778,8984,17,283,2.533573764,19.65325513,17648.62311,3.389670029,2,0,2,1,0.69,2,0.41,0.6,0.85,0.21
2,yelp_review_polarity,192.5877778,9222,5,1372,2.626371329,18.79084571,16874.17945,0,0,0,2,1,0.98,2,0.51,0.83,Nan,0.28
3,amazon_review_polarity,101.3833333,9026,16,265,2.603338859,19.20357778,17244.81284,0,0,0,2,1,0.56,2,0.54,0.69,0.84,0.35
4,yahoo_answers,55.66444444,6114,3,501,6.301625417,9.558607389,945.240064,0,0,0.30090407,10,1.78946921,0.99,10,0.84,0.87,Nan,0.48
5,dbpedia,66.21777778,9675,11,219,7.851366792,7.842463636,534.4940601,0,0,0.095966226,14,2.767681367,0.94,14,0.37,0.41,0.7,0.16
6,amazon_review_polarity,102.1155556,9273,21,373,2.554052279,19.77986253,17762.31655,3.265677591,2,0,2,1,0.63,2,0.58,0.77,0.85,0.37
7,amazon_review_polarity,98.66444444,8930,19,268,2.614728302,19.25634785,17292.20037,0,0,0,2,1,0.81,2,0.57,0.78,0.86,0.37
8,amazon_review_full,103.3511111,9061,15,284,4.2635669,13.1278568,2937.357959,0,0,0.29361011,5,2.351147223,0.84,5,0.77,0.97,Nan,0.62
9,ag_news,46.30666667,7491,16,205,3.917844212,14.19605148,4239.887375,3.430971794,2,-0.191273014,4,1.651001388,1,4,0.5,0.51,Nan,0.14
10,amazon_review_polarity,100.7666667,9175,16,509,2.573154327,19.29788721,17329.50271,0,0,0,2,1,0.76,2,0.6,0.77,0.81,0.32
11,dbpedia,65.16777778,9469,7,147,7.744115797,7.803812138,531.8598119,0,0,0.109181179,14,2.074995395,0.94,14,0.45,0.47,0.76,0.2
12,dbpedia,66.81888889,9602,5,175,7.83910652,7.817794444,532.8127598,0,0,0.253038915,14,1.753249647,0.92,14,0.41,0.49,0.71,0.13
13,yelp_review_polarity,190.0655556,9159,7,1493,2.631698898,18.73366918,16822.83492,0,0,0,2,1,0.66,2,0.47,0.83,Nan,0.21
14,dbpedia,64.92555556,9469,11,350,7.753892505,7.868617987,536.2765797,0,0,-0.324404902,14,2.021256413,0.95,14,0.38,0.42,0.75,0.12
15,dbpedia,67.92111111,9708,12,284,7.742568699,7.859671294,535.6668282,0,0,0.487934101,14,2.663147979,0.94,14,0.36,0.45,Nan,0.23
16,dbpedia,67.36555556,9645,11,641,7.847802738,7.758037269,528.7400785,0,0,0.134231211,14,1.815644473,0.9,14,0.42,0.43,0.68,0.1
17,amazon_review_polarity,101.18,9154,13,267,2.536805776,19.68174556,17674.20751,0,0,0,2,1,0.55,2,0.53,0.8,Nan,0.26
18,yelp_review_polarity,185.1644444,9085,8,1406,2.644350193,18.67153735,16767.04054,0,0,0,2,1,0.77,2,0.46,0.72,Nan,0.24
19,dbpedia,65.92,9624,13,138,7.751833386,7.821062659,533.0355012,0,0,-0.610264435,14,3.021640037,0.92,14,0.36,0.43,Nan,0.18
20,dbpedia,67.90111111,9698,11,210,7.811799113,7.814072684,532.5591075,0,0,1.279534174,14,1.902350202,0.94,14,0.35,0.42,0.71,0.15
21,dbpedia,65.75333333,9634,9,154,7.778747913,7.861039513,535.7600776,0,0,1.066992528,14,1.841024538,0.91,14,0.38,0.46,Nan,0.13
22,yelp_review_polarity,188.1811111,9326,5,1238,2.631577665,18.97620154,17040.62898,0,0,0,2,1,0.57,2,0.45,0.73,Nan,0.21
23,dbpedia,67.12777778,9669,8,194,7.781337687,7.851633034,535.1189898,0,0,0.856505275,14,3.887488756,0.96,14,0.37,0.44,Nan,0.12
24,amazon_review_polarity,98.54333333,8793,21,256,2.515647995,19.83336749,17810.36401,0,0,0,2,1,0.55,2,0.53,0.7,0.81,0.29
25,yelp_review_polarity,182.8122222,9264,6,1333,2.59104314,18.88913332,16962.44172,3.058799781,2,0,2,1,1,2,0.54,0.8,Nan,0.23
26,ag_news,46.65888889,7410,13,203,3.751595371,14.73859429,4401.926826,0,0,1.459538318,4,2.303180096,0.81,4,0.56,0.54,Nan,0.14
27,yahoo_answers,58.03444444,6339,3,517,6.491091231,9.372046542,926.7912692,0,0,1.289521215,10,1.649062284,0.94,10,0.73,0.84,Nan,0.49
28,dbpedia,66.14666667,9454,12,147,7.790139675,7.837478944,534.1543342,0,0,-0.506967267,14,2.903133934,0.96,14,0.37,0.4,0.7,0.2
29,dbpedia,66.07444444,9684,8,182,7.760306486,7.840213654,534.3407152,0,0,0.790719577,14,5.835197001,0.92,14,0.37,0.42,0.63,0.1
30,amazon_review_polarity,98.80111111,8978,18,290,2.479266428,20.12972964,18076.49722,0,0,0,2,1,0.69,2,0.57,0.79,0.89,0.36
31,amazon_review_polarity,103.0744444,9310,18,346,2.550449441,19.88183236,17853.88546,0,0,0,2,1,0.78,2,0.55,0.7,0.84,0.27
32,yelp_review_polarity,180.4233333,9041,5,1112,2.513564702,19.23662646,17274.49056,0,0,0,2,1,0.78,2,0.55,0.9,Nan,0.24
33,yelp_review_polarity,187.2144444,9123,5,1257,2.668661867,18.50944016,16621.47726,0,0,0,2,1,0.89,2,0.46,0.78,Nan,0.25
34,yelp_review_polarity,181.74,8980,4,1543,2.604356121,18.73457239,16823.64601,0,0,0,2,1,0.85,2,0.39,0.83,Nan,0.29
35,yelp_review_polarity,188.1866667,9156,7,1255,2.625433734,19.01396521,17074.54076,3.269125175,2,0,2,1,0.93,2,0.44,0.73,Nan,0.21
36,yelp_review_polarity,193.1833333,9393,8,1652,2.60732961,18.88712479,16960.63806,0,0,0,2,1,1,2,0.51,0.84,Nan,0.29
37,amazon_review_polarity,101.8388889,8970,18,328,2.507960599,19.5757028,17578.98112,0,0,0,2,1,0.59,2,0.53,0.77,0.9,0.3
38,yelp_review_polarity,193.25,9359,7,1131,2.636839763,18.63473128,16733.98869,3.139477201,2,0,2,1,0.96,2,0.47,0.77,Nan,0.22
39,ag_news,46.22,7378,13,230,3.85241366,14.65746601,4377.696514,0,0,0.142054117,4,1.044420761,0.76,4,0.48,0.5,Nan,0.15
40,ag_news,45.70444444,7382,16,217,3.788741538,14.31631712,4275.806714,0,0,1.328422328,4,2.168304498,0.84,4,0.57,0.64,0.57,0.16
41,dbpedia,67.19333333,9644,12,1031,7.821318287,7.787124631,530.7224941,2.903358876,2,0.524593355,14,1.933670562,0.9,14,0.4,0.47,0.59,0.09
42,ag_news,45.22333333,7321,10,281,3.955271592,14.03157316,4190.763184,0,0,0.564710225,4,1.732159464,0.85,4,0.48,0.58,Nan,0.17
43,amazon_review_polarity,101.5533333,8971,19,402,2.545679898,19.95524321,17919.8084,0,0,0,2,1,0.71,2,0.56,0.82,0.85,0.28
44,ag_news,46.33333333,7337,14,221,3.909693923,14.33612414,4281.722409,0,0,-0.119522861,4,1.031534392,0.9,4,0.49,0.52,0.55,0.13
45,ag_news,45.77333333,7365,15,208,3.75090953,14.63550099,4371.136297,0,0,-1.195228609,4,2.148994709,0.73,4,0.57,0.55,Nan,0.14
46,amazon_review_full,100.7944444,9043,19,347,4.355166985,12.91455669,2889.632059,3.152749193,2,-0.720576692,5,1.31035503,0.82,5,0.68,0.99,1,0.83
47,yelp_review_polarity,184.4766667,9126,7,1212,2.54488472,19.41076322,17430.86537,0,0,0,2,1,0.55,2,0.51,0.82,Nan,0.3
48,yahoo_answers,55.91111111,6014,3,1150,6.446682037,9.395583483,929.1188111,0,0,0.591082805,10,3.128729601,0.87,10,0.75,0.85,0.81,0.55
49,yelp_review_polarity,196.7155556,9194,8,1372,2.64460833,18.49376122,16607.39758,3.122359629,2,0,2,1,0.8,2,0.54,0.81,Nan,0.26
50,dbpedia,67.24666667,9640,6,175,7.854512898,7.803699264,531.8521191,0,0,0.104006287,14,2.084423178,0.93,14,0.37,0.43,Nan,0.12
51,dbpedia,65.45555556,9550,11,193,7.820256013,7.764968535,529.2124709,0,0,-0.312839637,14,1.889133672,0.95,14,0.39,0.44,0.75,0.12
52,yelp_review_polarity,188.3911111,9313,6,1153,2.628879054,18.71354935,16804.76732,3.698680841,2,0,2,1,0.79,2,0.58,0.82,Nan,0.28
53,amazon_review_full,100.1711111,9084,19,308,4.307057897,13.0577986,2921.682437,0,0,1.97814142,5,1.781663516,0.78,5,0.72,0.96,Nan,0.75
54,ag_news,46.08888889,7448,12,330,3.93874028,14.17021153,4232.169844,0,0,-0.618852748,4,1.49298325,0.78,4,0.62,0.66,Nan,0.17
55,amazon_review_polarity,99.95222222,9097,20,320,2.502650429,19.9157198,17884.31638,0,0,0,2,1,0.92,2,0.6,0.82,0.9,0.24
56,dbpedia,66.95555556,9544,13,225,7.816120623,7.757918583,528.7319896,0,0,1.013883882,14,1.999067021,0.92,14,0.42,0.49,Nan,0.09
57,amazon_review_polarity,93.93555556,8789,20,414,2.444875574,20.56301712,18465.58937,3.417079815,2,0,2,1,0.61,2,0.56,0.79,Nan,0.28
58,dbpedia,65.15,9405,12,462,7.816085261,7.780314095,530.2583299,3.212593165,3,-0.689508422,14,2.427503904,0.94,14,0.43,0.46,0.74,0.12
59,amazon_review_full,101.5877778,8977,16,313,4.275291789,13.21719989,2957.348476,0,0,-1.164225789,5,1.644026709,0.83,5,0.68,0.98,0.97,0.68
60,amazon_review_polarity,100.3088889,9029,19,276,2.52960747,20.07604341,18028.28698,0,0,0,2,1,0.66,2,0.6,0.87,0.88,0.26
61,yelp_review_polarity,177.1922222,9011,5,1445,2.592990556,19.35150038,17377.64734,0,0,0,2,1,0.96,2,0.41,0.77,0.66,0.16
62,dbpedia,65.52111111,9696,11,143,7.872037676,7.726052018,526.5601606,0,0,0.367849319,14,3.794537941,0.92,14,0.37,0.44,0.61,0.15
63,ag_news,46.49222222,7310,17,214,3.901510004,14.26066805,4259.186192,0,0,0.47964711,4,1.653731793,0.83,4,0.51,0.52,Nan,0.11
64,amazon_review_full,99.88777778,8931,17,288,4.385638852,12.78646837,2860.972299,0,0,-1.986254133,5,1.323043723,0.85,5,0.72,0.99,Nan,0.66
65,yelp_review_polarity,181.9888889,8882,6,1240,2.597081451,18.80520623,16887.07519,0,0,0,2,1,0.91,2,0.51,0.77,Nan,
66,dbpedia,66.59444444,9540,11,180,7.789152541,7.891008914,537.8026075,3.475364768,2,-0.251683521,14,3.112183657,0.94,14,0.45,0.5,0.73,0.13
67,dbpedia,65.90222222,9643,13,166,7.976994776,7.655094208,521.724113,0,0,0.29818195,14,2.359485077,0.91,14,0.44,0.48,0.71,0.13
68,ag_news,45.93222222,7253,16,202,3.843370501,14.29990549,4270.905106,0,0,-0.928279122,4,2.144861928,0.91,4,Nan,0.18,,
69,yelp_review_full,187.6655556,9209,5,1250,4.335493795,12.67044057,2835.011077,3.503453918,2,1.073621877,5,2.955375739,0.91,5,0.66,0.94,Nan,0.61
70,yelp_review_polarity,178.0322222,8866,4,1281,2.670919636,18.82820322,16907.72649,0,0,0,2,1,0.71,2,0.5,0.82,Nan,0.21
71,ag_news,46.04222222,7330,15,209,3.9394954,14.23641954,4251.943969,0,0,0.814821714,4,2.116097823,0.89,4,0.51,0.52,Nan,0.17
72,yelp_review_polarity,182.54,9248,5,1138,2.698217753,18.63263329,16732.10469,0,0,0,2,1,0.51,2,0.53,0.93,Nan,0.24
73,yelp_review_polarity,191.6511111,9276,5,1194,2.709444923,18.14607041,16295.17123,0,0,0,2,0,0.53,2,0.5,0.8,Nan,0.22
74,yelp_review_polarity,185.0444444,9133,4,1348,2.729094613,18.32182384,16452.99781,0,0,0,2,1,0.51,2,Nan,0.27,,
76,dbpedia,67.73,9686,10,191,7.792469872,7.81659825,532.7312346,0,0,0.661261515,14,1.616775033,0.9,14,0.37,0.42,Nan,0.13
77,dbpedia,65.70555556,9576,10,164,7.858823441,7.762830942,529.0667857,0,0,-0.500096145,14,2.490116568,0.97,14,0.36,0.44,Nan,0.18
78,dbpedia,67.18333333,9693,11,296,7.695935707,7.905129627,538.7649884,0,0,-0.081885884,14,2.758644358,0.96,14,0.39,0.44,0.69,0.17
79,yelp_review_polarity,186.1722222,9091,3,1278,2.6060221,18.87165437,16946.74562,0,0,0,2,1,0.62,2,0.48,0.83,Nan,0.21
80,yahoo_answers,58.35,6302,3,934,6.486324279,9.406586257,930.2068632,0,0,0.15245918,10,2.041954101,0.85,10,0.73,0.85,Nan,0.5
81,amazon_review_polarity,98.88555556,9006,17,248,2.647733329,18.9424695,17010.33761,0,0,0,2,1,0.6,2,0.59,0.74,0.89,0.3
82,yelp_review_polarity,180.7988889,9023,4,1322,2.636420495,18.75567922,16842.59994,0,0,0,2,1,0.99,2,0.55,0.86,Nan,0.2
83,ag_news,45.65777778,7288,14,195,3.852593358,14.4437938,4313.87975,3.01782889,3,-1.278487054,4,2.26061252,0.78,4,0.48,0.53,0.52,0.15
84,ag_news,46.16111111,7329,15,215,3.886955992,14.19680113,4240.111272,3.331687589,2,0,4,2,0.76,4,0.59,0.6,Nan,0.11
85,amazon_review_full,101.9166667,9134,18,352,4.430226468,12.66297835,2833.341405,0,0,0.529503382,5,1.627143564,0.88,5,0.69,0.96,0.99,0.7
86,yahoo_answers,60.22,6272,3,1026,6.460974173,9.378917632,927.4707436,3.034869384,2,-0.175984107,10,2.352133304,0.91,10,0.8,0.88,Nan,0.53
87,amazon_review_full,101.5988889,8922,19,402,4.37838914,12.94097014,2895.54207,0,0,-1.178966238,5,2.360467196,0.84,5,0.75,0.94,Nan,0.66
88,amazon_review_polarity,98.12333333,8806,18,517,2.385531769,20.56418764,18466.6405,0,0,0,2,1,0.98,2,0.51,0.7,0.7,0.26
89,yelp_review_polarity,177.9888889,8995,5,1211,2.609113729,18.82994228,16909.28817,3.112947997,2,0,2,1,0.96,2,0.42,0.79,Nan,0.19
90,yelp_review_polarity,178.7422222,9027,8,1541,2.61138285,18.5633109,16669.85319,0,0,0,2,1,0.95,2,0.46,0.74,Nan,0.21
91,yelp_review_full,186.1366667,9047,3,1376,4.412792453,12.61559084,2822.738451,3.466668746,2,1.174170546,5,1.825529844,0.87,5,0.66,0.95,Nan,Nan
92,dbpedia,65.56888889,9566,8,176,7.721812039,7.901763343,538.5355632,0,0,0.327133779,14,1.712495921,0.97,14,0.35,0.47,0.69,0.19
93,amazon_review_polarity,97.49222222,8870,14,410,2.563773252,19.62331248,17621.73461,0,0,0,2,1,0.91,2,0.56,0.78,Nan,0.33
94,dbpedia,69.88111111,9784,5,3056,7.877183892,7.779546091,530.2059874,2.773198537,2,-1.137953524,14,2.42329225,0.93,14,0.42,0.42,0.77,0.16
95,dbpedia,65.71666667,9467,5,174,7.785019364,7.815379011,532.6481388,0,0,0.631158186,14,2.214376064,0.95,14,0.42,0.46,0.69,0.1
96,yelp_review_polarity,185.0688889,9217,6,1061,2.750099987,18.22992815,16370.47548,0,0,0,2,1,0.96,2,0.4,0.81,Nan,0.28
97,amazon_review_full,102.26,9242,19,293,4.396319565,12.90693819,2887.927421,0,0,1.677050983,5,1.953125,0.85,5,0.7,0.97,0.99,0.75
98,amazon_review_full,99.75,8815,16,464,4.368009642,13.06690453,2923.719888,0,0,-1.327901685,5,1.261804621,0.82,5,0.71,1,Nan,0.73
99,dbpedia,66.16222222,9505,12,423,7.815831746,7.812139614,532.4273614,0,0,0.112489015,14,2.025904911,0.91,14,0.39,0.41,0.62,0.13
100,dbpedia,65.71777778,9578,11,190,7.912820053,7.755740912,528.5835729,0,0,0.43857529,14,1.966151586,0.91,14,0.43,0.48,0.7,0.14
101,ag_news,45.03555556,7373,16,280,3.915539186,14.15741778,4228.348777,0,0,0.708200528,4,1.924853109,0.92,4,0.53,0.54,Nan,0.19
102,amazon_review_polarity,98.44666667,8839,17,384,2.62140989,18.96862197,17033.82253,0,0,0,2,1,0.69,2,0.45,0.59,Nan,0.29
103,ag_news,46.44444444,7552,15,212,3.81612163,14.41079311,4304.023542,0,0,-0.597614305,4,1.742645503,0.83,4,0.58,0.55,0.57,0.14
104,dbpedia,66.14777778,9402,11,333,7.930294281,7.674892058,523.0734126,0,0,0.128920513,14,1.821504848,0.97,14,0.41,0.37,Nan,0.15
105,amazon_review_polarity,100.0455556,9013,18,421,2.494095118,20.35568171,18279.40218,0,0,0,2,0,0.57,2,0.55,0.77,0.79,0.27
106,dbpedia,67.51666667,9775,10,156,7.722003314,7.938424514,541.034163,0,0,-0.251435888,14,2.926654925,0.91,14,0.37,0.48,Nan,0.15
107,yelp_review_polarity,183.7011111,9054,4,1328,2.65401696,18.40531751,16527.97512,0,0,0,2,1,0.76,2,0.47,0.83,Nan,0.25
108,yelp_review_polarity,178.8955556,9093,4,1402,2.716465567,18.31639121,16448.11931,0,0,0,2,1,0.8,2,0.4,0.7,Nan,0.22
109,dbpedia,67.15222222,9685,9,175,7.852393585,7.818475914,532.8592046,0,0,0.821846869,14,2.290573517,0.93,14,0.34,0.44,0.62,0.13
110,yelp_review_polarity,187.8088889,9157,5,1301,2.597577142,19.17779257,17221.65773,0,0,0,2,1,0.73,2,0.46,0.83,Nan,0.28
111,dbpedia,65.96888889,9572,11,532,7.86584875,7.762974857,529.0765941,0,0,0.895664664,14,2.428386424,0.93,14,0.36,0.43,Nan,0.21
112,yelp_review_polarity,186.6588889,9225,7,1450,2.687163761,18.18382244,16329.07255,2.963931625,2,0,2,1,0.51,2,0.46,0.73,Nan,0.22
113,dbpedia,67.66555556,9715,12,176,7.791929336,7.780179786,530.2491762,0,0,-0.117810736,14,2.742030863,0.94,14,0.36,0.42,0.62,0.19
114,dbpedia,67.85,9694,11,156,7.787621339,7.783463892,530.4730007,0,0,-0.327093281,14,2.109723695,0.93,14,0.39,0.43,Nan,0.12
115,amazon_review_polarity,100.0633333,8832,19,261,2.616221147,19.11958883,17169.39077,0,0,0,2,1,0.84,2,0.54,0.72,0.9,0.32
116,ag_news,44.67777778,7283,11,208,3.800618336,14.72629604,4398.25375,0,0,-0.189358321,4,1.885001825,0.78,4,0.46,0.51,0.52,
117,amazon_review_polarity,100.0333333,9011,18,289,2.579635523,19.26731668,17302.05038,0,0,0,2,1,0.57,2,0.48,0.71,0.86,0.31
118,yelp_review_polarity,187.0044444,9260,5,1259,2.621026045,18.93956135,17007.7261,0,0,0,2,1,0.92,2,0.51,0.87,Nan,0.2
119,dbpedia,66.26666667,9671,13,282,7.747451925,7.825798701,533.3582807,3.467218268,3,1.250661739,14,4.348072501,0.92,14,0.4,0.45,Nan,0.08
120,yelp_review_polarity,193.5766667,9265,7,1297,2.670684406,18.23680763,16376.65325,0,0,0,2,1,0.83,2,0.49,0.76,Nan,0.22
121,amazon_review_polarity,97.50777778,8790,20,305,2.531319409,19.52601169,17534.3585,0,0,0,2,1,0.99,2,0.47,0.68,0.88,0.26
122,yelp_review_polarity,190.3688889,9232,6,1550,2.499515498,19.68083121,17673.38642,0,0,0,2,1,0.51,2,0.48,0.7,Nan,0.27
123,dbpedia,66.45666667,9730,13,219,7.903835622,7.717133427,525.9523243,0,0,0.428032548,14,2.707858188,0.93,14,0.38,0.41,Nan,0.17
124,yelp_review_full,190.88,9138,4,1213,4.314839941,12.9466646,2896.816204,0,0,0,5,1.67731569,0.95,5,0.7,0.91,Nan,Nan
125,amazon_review_polarity,97.86222222,8948,16,278,2.476106716,20.06803292,18021.09356,0,0,0,2,1,0.55,2,0.51,0.75,Nan,0.35
126,amazon_review_polarity,96.80666667,8840,17,523,2.562192723,19.8742198,17847.04938,0,0,0,2,1,0.87,2,0.48,0.6,0.82,0.32
127,ag_news,45.87444444,7305,10,214,3.856431141,14.3696604,4291.738572,0,0,-0.564432521,4,1.418513588,0.78,4,0.42,0.5,Nan,0.11
128,amazon_review_polarity,96.87444444,8938,21,286,2.59871947,19.00097688,17062.87724,0,0,0,2,1,0.68,2,0.5,0.7,0.82,0.23
129,yelp_review_polarity,190.1277778,9144,7,1183,2.594260207,19.1267272,17175.80103,3.143918363,2,0,2,1,0.74,2,0.45,0.79,Nan,0.26
130,amazon_review_polarity,101.5877778,9054,17,381,2.582937236,19.35345805,17379.40533,2.798149408,2,0,2,1,0.73,2,0.56,0.74,Nan,0.28
131,ag_news,46.54,7418,11,212,3.936303465,14.11596981,4215.969649,0,0,0.685994341,4,2.071767269,0.7,4,0.53,0.71,Nan,0.23
132,amazon_review_polarity,98.08666667,9119,17,433,2.576604424,19.44758188,17463.92853,0,0,0,2,1,0.55,2,0.56,0.76,0.88,0.35
133,yelp_review_polarity,201.6077778,9536,6,1248,2.655629154,18.52828677,16638.40152,3.417632121,2,0,2,1,0.98,2,0.41,0.74,Nan,0.25
134,ag_news,45.10777778,7342,12,207,3.956206327,13.91129176,4154.839138,0,0,0.707106781,4,1.407407407,0.8,4,0.52,0.59,Nan,0.16
135,dbpedia,66.20888889,9647,12,249,7.779867359,7.819520819,532.9304189,0,0,0.141618185,14,2.39120522,0.91,14,0.44,0.44,0.71,0.16
136,yelp_review_polarity,184.8211111,8944,3,1384,2.671845263,18.34655596,16475.20725,3.148037935,2,0,2,1,0.56,2,0.56,0.84,Nan,0.23
137,dbpedia,67.6,9768,11,158,7.788946951,7.80822789,532.1607623,0,0,-0.409768774,14,3.561022499,0.92,14,0.32,0.38,0.69,0.13
138,ag_news,46.28222222,7362,10,345,3.872006383,14.38120173,4295.185583,0,0,0.834829759,4,2,0.74,4,0.55,0.51,Nan,0.14
139,yelp_review_polarity,177.0755556,8990,6,1240,2.635073832,18.76916317,16854.70852,3.207894394,2,0,2,1,0.98,2,0.47,0.8,Nan,0.24
140,dbpedia,66.56,9653,7,146,7.873211194,7.719914905,526.1418928,0,0,0.307459347,14,2.567440683,0.94,14,0.39,0.52,0.75,0.13
141,yelp_review_polarity,195.7211111,9422,9,1711,2.665745382,18.18875007,16333.49757,0,0,0,2,1,1,2,0.44,0.7,Nan,0.26
142,dbpedia,66.26888889,9507,12,430,7.810863689,7.798729908,531.5134384,0,0,0.595749305,14,2.091920294,0.97,14,0.39,0.48,0.65,0.12
143,dbpedia,65.58777778,9369,5,159,7.862281899,7.797423238,531.4243838,2.824000196,2,-0.084575112,14,2.779455419,0.94,14,0.35,0.49,Nan,0.13
144,ag_news,45.96333333,7368,16,209,3.859230937,14.5128154,4334.494198,0,0,0.334887343,4,1.969866364,0.83,4,0.55,0.55,0.5,0.13
145,amazon_review_polarity,97.32666667,8783,21,370,2.553219876,19.58179341,17584.45049,0,0,0,2,1,0.59,2,0.5,0.67,0.87,0.28
146,ag_news,45.88,7324,14,206,3.870845598,14.43857957,4312.32243,0,0,-0.4077766,4,1.822581591,0.89,4,0.47,0.55,Nan,0.14
147,yelp_review_polarity,194.6733333,9384,4,1331,2.673334336,18.49551855,16608.97566,3.052391379,2,0,2,1,0.51,2,0.52,0.89,Nan,0.18
148,ag_news,46.05555556,7393,14,207,3.900137955,14.21639376,4245.962936,0,0,-0.160356745,4,1.275885714,0.84,4,0.46,0.43,Nan,0.11
149,amazon_review_polarity,101.2111111,9057,18,312,2.653486971,19.17386752,17218.13303,0,0,0,2,1,0.86,2,0.54,0.84,0.88,0.27
150,yelp_review_polarity,190.4911111,9348,8,1391,2.717301421,18.54947028,16657.42431,0,0,0,2,1,0.78,2,0.51,0.8,Nan,0.25
151,yelp_review_polarity,188.05,9144,4,1234,2.556830715,19.21384187,17254.03,0,0,0,2,1,0.6,2,0.41,0.78,Nan,0.22
152,yelp_review_polarity,188.7766667,9366,5,1213,2.564816026,19.36075546,17385.95841,3.308577696,2,0,2,1,0.69,2,0.45,0.78,Nan,0.24
153,yelp_review_polarity,189.6677778,9162,6,1485,2.670191449,18.23793572,16377.66628,0,0,0,2,1,0.9,2,0.5,0.79,Nan,0.17
154,yahoo_answers,58.19777778,6355,3,1125,6.493821344,9.375115096,927.0947151,3.131911731,2,0.43261232,10,1.834676662,0.92,10,0.74,0.84,Nan,0.56
155,ag_news,45.95111111,7400,15,204,3.926300353,14.28884403,4267.601416,0,0,-0.593969696,4,2.07225344,0.9,4,0.6,0.6,Nan,0.18
156,dbpedia,64.6,9558,11,169,7.921991861,7.735450099,527.200676,0,0,0.895516154,14,2.07953583,0.94,14,0.45,0.41,0.68,0.12
157,ag_news,45.88111111,7341,12,207,3.960956577,14.0065312,4183.283985,0,0,-0.286038777,4,1.333553719,0.81,4,0.49,0.52,Nan,0.1
158,dbpedia,67.86222222,9740,12,141,7.837491303,7.75748978,528.702765,0,0,-0.569485921,14,2.21091038,0.91,14,0.35,0.45,0.71,0.13
159,amazon_review_polarity,97.32333333,8952,18,407,2.532462383,20.0585214,18012.55222,0,0,0,2,1,1,2,0.6,0.82,0.92,0.32
160,ag_news,45.73333333,7294,11,212,3.997596641,13.98807597,4177.772024,3.012068467,2,0.588977992,4,1.713144634,0.84,4,0.48,0.57,Nan,0.13
161,yelp_review_polarity,187.0822222,9171,4,1584,2.678334357,18.3171849,16448.83204,0,0,0,2,1,0.98,2,0.48,0.8,Nan,0.22
162,yahoo_answers,55.85666667,6203,3,465,6.471198987,9.337819404,923.4065855,0,0,-0.920478318,10,2.139362056,0.88,10,0.76,0.87,0.85,0.54
163,yelp_review_polarity,191.9655556,9228,5,1135,2.512599821,19.70106947,17691.56039,0,0,0,2,1,0.88,2,0.46,0.81,Nan,0.21
164,yelp_review_polarity,180.1133333,9050,5,1258,2.493661684,19.67305061,17666.39945,0,0,0,2,1,0.97,2,0.48,0.79,Nan,0.23
165,ag_news,44.39333333,7214,14,197,3.880758788,14.43068293,4309.963968,0,0,-0.593442426,4,1.520907372,0.89,4,0.54,0.5,0.56,0.16
166,amazon_review_polarity,98.06333333,8929,20,254,2.581460557,19.4580585,17473.33654,0,0,0,2,1,0.87,2,0.51,0.75,0.89,0.34
167,dbpedia,68.02333333,9704,11,200,7.823678058,7.730115858,526.8371269,0,0,-0.404519917,14,2.515368727,0.91,14,0.3,0.38,Nan,0.16
168,yelp_review_polarity,186.3933333,9238,6,1327,2.667322561,18.44992066,16568.02875,0,0,0,2,1,0.58,2,0.39,0.82,Nan,0.24
169,amazon_review_polarity,99.40222222,8947,13,259,2.529516039,19.90495783,17874.65213,0,0,0,2,1,0.74,2,0.51,0.77,0.89,0.22
170,dbpedia,66.98666667,9721,11,204,7.784063821,7.793468048,531.1548224,0,0,0.13764944,14,3.653086981,0.97,14,0.37,0.42,Nan,0.12
171,amazon_review_polarity,99.52555556,9010,19,294,2.612403813,19.27142856,17305.74285,0,0,0,2,1,0.81,2,0.59,0.77,0.84,0.2
172,amazon_review_polarity,98.68555556,8936,11,457,2.561889848,19.58386606,17586.31172,0,0,0,2,1,0.94,2,0.57,0.76,0.83,0.22
173,amazon_review_polarity,94.88666667,8820,18,255,2.519805524,19.64608106,17642.18079,0,0,0,2,1,0.55,2,0.53,0.79,0.86,0.27
174,amazon_review_polarity,99.94,9248,16,474,2.510183558,19.86824278,17841.68202,0,0,0,2,1,0.79,2,0.61,0.81,0.9,0.31
175,amazon_review_polarity,99.76555556,9084,15,429,2.621955075,19.14036941,17188.05173,0,0,0,2,1,0.83,2,0.6,0.84,0.88,0.31
176,amazon_review_full,103.3888889,9216,16,526,4.36502256,12.86711839,2879.017741,0,0,-0.434372243,5,2.357336867,0.8,5,0.66,0.96,0.97,0.68
177,amazon_review_full,101.8655556,9038,17,367,4.34805153,13.10565065,2932.389333,3.056291424,2,-0.523822722,5,1.422934637,0.9,5,0.73,1,Nan,0.74
178,yelp_review_polarity,189.9044444,9424,7,1533,2.518316476,19.61818795,17617.13278,0,0,0,2,1,0.99,2,0.51,0.83,Nan,0.2
179,ag_news,46.29333333,7425,16,207,3.90893554,14.29409607,4269.170028,0,0,0.90913729,4,2,0.82,4,0.52,0.49,Nan,0.13
180,dbpedia,67.61666667,9620,9,182,7.902487989,7.736841271,527.2954897,0,0,0.818393207,14,2.886020653,0.91,14,0.35,0.4,Nan,0.17
181,yelp_review_full,180.1822222,8942,6,1092,4.280829853,12.96514269,2900.950677,0,0,-0.590878948,5,1.588897146,0.86,5,0.63,0.91,Nan,Nan
182,ag_news,47.19,7437,10,386,3.938639599,14.05979907,4199.193321,0,0,-1.075705748,4,2.182857143,0.81,4,0.54,0.6,,
183,dbpedia,66.11333333,9540,11,182,7.970994132,7.637281706,520.5101224,0,0,0.439414504,14,2.616921684,0.94,14,0.47,0.51,0.63,0.1
184,amazon_review_polarity,98.70888889,8989,21,258,2.556154246,19.76122272,17745.578,0,0,0,2,1,0.98,2,0.52,0.8,0.82,0.38
185,dbpedia,65.66666667,9525,10,192,7.771091765,7.814403324,532.581642,0,0,0.916189922,14,3.866632627,0.89,14,0.4,0.41,Nan,0.19
186,dbpedia,65.69,9570,11,145,7.794223551,7.808267933,532.1634914,0,0,0.097823198,14,1.630663217,0.93,14,0.44,0.45,Nan,0.19
187,dbpedia,65.19,9552,11,214,7.883742339,7.720435052,526.1773428,0,0,-0.308639362,14,3.756132413,0.93,14,0.37,0.44,0.72,0.13
188,ag_news,45.31555556,7323,13,209,3.743422827,14.63437259,4370.799279,0,0,1.275585608,4,2.245140285,0.74,4,0.47,0.51,0.51,0.21
189,amazon_review_full,101.2455556,9017,22,343,4.427964395,12.80277007,2864.619804,0,0,0,5,1.389945468,0.82,5,0.75,0.98,,
190,amazon_review_polarity,98.35555556,8885,19,500,2.53481414,19.96639478,17929.82251,0,0,0,2,1,0.79,2,0.52,0.77,0.88,0.34
191,yelp_review_polarity,196.5122222,9569,5,1508,2.587449878,19.10686165,17157.96176,0,0,0,2,1,0.9,2,0.45,0.74,,
192,dbpedia,64.35888889,9426,5,163,7.773831256,7.870557956,536.4087961,0,0,-1.025405437,14,1.782130267,0.92,14,0.35,0.41,0.64,0.1
193,ag_news,46.40555556,7385,16,211,3.792806693,14.48062269,4324.87931,0,0,1.474617457,4,2.297959551,0.96,4,0.54,0.49,0.45,0.16
194,ag_news,44.94888889,7247,10,198,3.870039445,14.30173972,4271.45293,0,0,0,4,1.852071006,0.81,4,0.52,0.62,0.53,0.19
195,yelp_review_polarity,186.7844444,9242,6,1321,2.629702932,18.92678849,16996.25606,0,0,0,2,1,0.51,2,0.49,0.85,Nan,0.32
196,dbpedia,65.95555556,9543,11,138,7.866659818,7.808015619,532.1462953,0,0,-0.587486011,14,2.292956715,0.91,14,0.33,0.45,Nan,0.11
197,amazon_review_polarity,99.85111111,9257,18,320,2.583110071,19.6607413,17655.34569,0,0,0,2,1,1,2,0.57,0.74,Nan,0.22
198,amazon_review_polarity,102.2633333,8951,20,442,2.566419176,19.59635223,17597.5243,0,0,0,2,1,0.61,2,0.52,0.73,0.86,0.27
199,yelp_review_polarity,189.0711111,9441,3,1285,2.570920251,19.10680115,17157.90744,0,0,0,2,1,0.84,2,0.5,0.79,Nan,0.26
200,amazon_review_full,103.8722222,9298,16,298,4.271775081,13.27223404,2969.662366,3.12739212,2,0,5,1.304395604,0.88,5,0.72,0.99,0.99,0.7
201,yelp_review_full,182.0233333,9036,6,1235,4.468360106,12.63683831,2827.492573,0,0,0.768675058,5,3.012990123,0.8,5,0.72,0.95,Nan,0.63
202,yelp_review_full,193.9055556,9139,4,1180,4.413836551,12.63627643,2827.366851,0,0,0.223855665,5,2.386210882,0.87,5,0.7,0.93,Nan,Nan
203,yahoo_answers,56.97666667,6247,3,411,6.422723679,9.389989383,928.5656168,0,0,-0.345134245,10,2.154422145,0.89,10,0.74,0.84,Nan,0.51
204,yahoo_answers,58.17444444,6314,3,612,6.489266594,9.300708144,919.7366942,0,0,-0.507818527,10,2.248770536,0.91,10,0.82,0.81,Nan,0.51
205,yelp_review_full,193.3566667,9139,5,1115,4.326035508,12.87994417,2881.887509,0,0,-1.544055038,5,1.615828253,0.85,5,0.71,0.96,Nan,Nan
206,yelp_review_full,186.2944444,8976,7,1262,4.297317913,12.82377099,2869.318758,0,0,0.620468362,5,1.765332013,0.8,5,0.71,0.89,Nan,Nan
207,yelp_review_full,186.6844444,8981,4,1376,4.395575283,12.77090893,2857.490872,0,0,-1.493914782,5,1.439562196,0.87,5,0.61,0.92,Nan,0.55
208,amazon_review_full,99.82333333,8922,19,377,4.439758283,12.7496338,2852.730562,0,0,1.012220413,5,1.556207511,0.9,5,0.68,0.96,Nan,0.65
209,yelp_review_full,184.1688889,9009,4,1344,4.370966126,12.75511285,2853.9565,0,0,-0.446223088,5,1.568055447,0.82,5,0.69,0.96,Nan,0.7
210,yelp_review_full,197.4766667,9093,8,1268,4.383252634,12.64291719,2828.852721,0,0,-2.129221005,5,1.175744412,0.93,5,0.65,0.97,Nan,0.53
211,amazon_review_full,100.6455556,8995,20,260,4.388630295,12.96854631,2901.712237,0,0,1.193335926,5,1.521182503,0.84,5,0.67,0.96,Nan,0.67
212,yelp_review_full,187.9544444,9032,5,1218,4.339178066,12.85084005,2875.375461,0,0,-1.194849352,5,1.9902922,0.82,5,0.7,0.95,Nan,Nan
213,amazon_review_full,99.86555556,8940,18,369,4.271439511,13.25990793,2966.9044,0,0,-0.511495755,5,1.663737155,0.81,5,0.68,0.94,1,0.76
214,amazon_review_full,102.3922222,9117,20,343,4.34234884,13.0382486,2917.308125,0,0,1.419696906,5,2.755473599,0.9,5,0.73,0.99,Nan,0.73
215,amazon_review_full,98.89111111,9139,19,458,4.30805405,13.14180505,2940.47888,0,0,1.373893698,5,2.872449439,0.87,5,0.69,0.96,Nan,0.64
216,yelp_review_full,191.5788889,9273,6,1375,4.309075551,12.88706208,2883.480139,0,0,0,5,1.652362789,0.86,5,0.62,0.91,Nan,Nan
217,yelp_review_full,183.2066667,9161,4,1239,4.413693462,12.63886016,2827.94496,0,0,0,5,1.88781757,0.86,5,0.67,0.92,Nan,0.58
218,amazon_review_full,103.4211111,9159,19,295,4.450705825,12.64768738,2829.920051,0,0,0.339031752,5,1.572141239,0.93,5,0.74,0.99,0.99,0.74
219,yahoo_answers,57.07111111,6082,3,469,6.431365875,9.42244594,931.7752096,3.025816762,2,0.4711138,10,2.462875596,0.96,10,0.81,0.91,Nan,0.5
220,yelp_review_full,185.0522222,9110,8,1382,4.328550363,12.85501252,2876.30905,0,0,0,5,1.959295349,0.86,5,0.68,0.92,Nan,Nan
221,yelp_review_full,187.58,9131,5,1318,4.407792521,12.69868382,2841.330505,0,0,-0.417634535,5,2.31611682,0.78,5,0.64,0.92,Nan,Nan
222,amazon_review_full,104.0055556,9148,18,385,4.312233043,13.06521683,2923.342266,0,0,-0.829925003,5,2.196133555,0.74,5,0.68,0.98,Nan,0.78
223,yelp_review_full,186.9622222,9256,5,1343,4.430608199,12.6642362,2833.622849,0,0,-2.067122888,5,1.345635693,0.71,5,0.7,0.87,Nan,0.67
224,amazon_review_full,101.9822222,9241,20,296,4.32100801,13.04251205,2918.262072,0,0,-0.829248341,5,1.534072907,0.87,5,0.7,0.96,Nan,0.64
225,yelp_review_full,183.9422222,9213,7,1376,4.366557172,12.7622283,2855.548582,0,0,-0.28552012,5,1.60818368,0.8,5,0.62,0.91,Nan,Nan
226,yahoo_answers,59.26777778,6539,3,633,6.599759175,9.174815475,907.287308,0,0,-0.350324525,10,2.862214876,0.85,10,0.8,0.86,0.8,0.51
227,yelp_review_full,191.0822222,9227,3,1486,4.279620685,12.96592368,2901.125423,0,0,0,5,2.368517166,0.84,5,0.67,0.94,Nan,0.57
228,yelp_review_full,188.5322222,9059,5,1253,4.383927407,12.74614963,2851.950979,0,0,-1.467738164,5,3.044929833,0.81,5,0.69,0.97,Nan,0.58
229,yahoo_answers,60.99,6384,3,876,6.496234805,9.341051679,923.7262216,0,0,0.183117563,10,1.602702775,0.92,10,0.82,0.89,Nan,0.45
230,yelp_review_full,185.8311111,9206,6,1249,4.369774125,12.67146001,2835.239177,0,0,-2.098135819,5,2.563799622,0.89,5,0.71,0.9,Nan,Nan
231,yelp_review_full,196.4944444,9178,3,1256,4.350185789,12.69480993,2840.463722,0,0,1.355815361,5,2.746860182,0.83,5,0.75,0.95,Nan,Nan
232,yahoo_answers,56.88777778,6119,3,560,6.411499721,9.40737989,930.2853447,0,0,0.37514657,10,1.767589271,0.93,10,,,,
233,amazon_review_full,97.56444444,8993,20,277,4.303382213,12.99850436,2908.41535,0,0,1.331325987,5,2.869740818,0.88,5,0.74,0.95,0.99,0.74
234,yahoo_answers,59.65555556,6315,3,1091,6.460179955,9.440169821,933.5279045,0,0,-0.607955472,10,1.710067505,0.89,10,0.81,0.85,Nan,0.55
235,yelp_review_full,190.5811111,9360,4,1204,4.40539037,12.5545642,2809.083739,0,0,0.635285325,5,2.836624505,0.86,5,0.66,0.95,Nan,0.64
236,yelp_review_full,191.0511111,9014,8,1211,4.372190418,12.7524392,2853.35827,0,0,-1.560056036,5,2.899105302,0.84,5,0.59,0.9,Nan,Nan
237,yahoo_answers,59.68444444,6396,3,999,6.593667027,9.276413271,917.3342012,0,0,-0.117201808,10,2.191563016,0.89,10,0.77,0.89,0.8,0.48
238,yelp_review_full,185.4255556,9048,4,1152,4.318381825,12.85086395,2875.38081,0,0,0.834460875,5,3.003724433,0.86,5,0.73,0.95,Nan,0.56
239,yelp_review_full,180.8444444,8954,7,1290,4.344991193,12.68010693,2837.173927,0,0,1.344632186,5,2.991470026,0.87,5,0.64,0.87,Nan,Nan
240,yahoo_answers,57.92666667,6292,3,1005,6.486468731,9.38262296,927.8371593,0,0,-0.224859507,10,1.713129655,0.96,10,0.85,0.85,Nan,0.54
241,yelp_review_full,191.7588889,9257,6,1171,4.42937733,12.49961891,2796.78973,2.976795834,2,0,5,2.214032429,0.89,5,0.6,0.89,Nan,0.57
242,yelp_review_full,193.4533333,9176,7,1247,4.264584819,12.93454184,2894.103737,0,0,0,5,1.305525951,0.79,5,0.68,0.94,Nan,Nan
243,yahoo_answers,57.59222222,6284,3,1061,6.423251379,9.408004175,930.3470795,0,0,0.445566394,10,2.187081892,0.87,10,0.77,0.84,0.79,0.58
244,yelp_review_full,188.0966667,9179,3,1394,4.323223421,12.84504772,2874.079426,0,0,1.018559756,5,1.981101911,0.83,5,0.72,0.93,Nan,Nan
245,yelp_review_full,190.9722222,9033,5,1270,4.318475605,12.82863907,2870.407991,0,0,-1.005602285,5,2.558073476,0.8,5,0.75,0.91,Nan,Nan
246,yahoo_answers,59.08333333,6195,3,1191,6.450224212,9.402885722,929.8409214,0,0,0.357097874,10,2.207630909,0.89,10,0.75,0.85,0.85,0.57
247,yelp_review_full,184.3666667,9077,6,1225,4.31490676,12.93557414,2894.334714,0,0,0.551410967,5,1.727138879,0.92,5,0.72,0.94,Nan,Nan
248,amazon_review_full,102.28,9110,18,445,4.385047498,12.86262615,2878.012601,0,0,-0.407118971,5,2.624538323,0.8,5,0.7,0.98,Nan,0.7
249,yelp_review_full,189.22,9186,7,1406,4.248374122,13.08273764,2927.262546,0,0,0.446223088,5,2.456143786,0.84,5,0.75,0.97,Nan,Nan
250,banking77__10,16.13777778,1084,5,89,6.44733857,9.195052655,909.2885403,0,0,-1.161035296,10,2.278128392,0.92,10,0.96,0.95,1,0.79
251,amazon_review_full,99.88555556,8998,16,255,4.392043416,12.93202257,2893.540051,3.062245789,2,-0.689609619,5,1.421034676,0.78,5,0.79,0.98,0.99,0.74
252,banking77__4,16.60666667,1090,6,85,3.912321105,13.9849656,4176.843058,0,0,0.196536535,4,1.536978025,0.94,4,0.88,0.91,Nan,0.74
253,banking77__4,15.93555556,1118,5,85,3.753729608,14.37908113,4294.552232,0,0,-0.993883735,4,1.733491969,1,4,0.93,0.97,Nan,0.57
254,ag_news,45.32222222,7211,13,208,3.765876532,14.62141386,4366.92894,0,0,0.861640437,4,2.141482162,0.86,4,0.47,0.54,,
255,banking77__2,16.29333333,1095,4,80,2.585675025,18.91825751,16988.59525,3.675432506,2,0,2,1,0.9,2,0.82,0.85,0.83,0.32
256,tweet_eval_emoji_10,23.05222222,4197,5,61,7.059861146,9.505336394,939.9721545,0,0,1.582053169,10,3.688684736,0.96,10,0.58,0.67,Nan,0.67
257,banking77__2,16.56111111,1132,5,80,2.564472258,19.03831684,17096.40852,0,0,0,2,1,1,2,0.81,0.81,0.83,0.4
258,banking77__14,16.75,1135,6,98,7.787289535,7.816309425,532.71155,0,0,0.402626467,14,3.260017982,0.94,14,0.86,0.91,0.94,0.74
259,tweet_eval_emoji_10,23.56777778,4235,5,50,6.902063236,9.772818742,966.4231867,0,0,1.483202314,10,2.290980247,0.96,10,0.53,0.65,Nan,0.74
281,yelp_review_full,189.6666667,9046,6,1028,4.376125806,12.66559185,2833.926176,3.419445412,2,0,5,1.905439235,0.9,5,0.63,0.94,Nan,Nan
282,dbpedia,65.70111111,9610,11,195,7.825037547,7.778506323,530.1351232,0,0,0.344648694,14,2.580066793,0.94,14,0.32,0.48,0.65,0.11
283,amazon_review_full,99.50888889,8974,19,322,4.392193042,12.91679399,2890.132656,3.153166937,2,-1.311557656,5,1.338481609,0.86,5,0.74,0.99,Nan,0.65
284,banking77__10,16.33444444,1090,5,73,6.411037272,9.28636815,918.3186281,0,0,-0.173668817,10,1.557511374,0.9,10,0.89,0.93,Nan,0.77
285,ag_news,47.70555556,7326,16,306,3.917144438,14.28697185,4267.042261,0,0,0.171498585,4,1.210560041,0.95,4,0.41,0.48,Nan,0.18
286,yelp_review_polarity,186.5855556,9120,6,1219,2.602023314,19.07648937,17130.68746,0,0,0,2,1,0.82,2,0.46,0.77,Nan,0.21
287,banking77__10,16.89222222,1166,5,98,6.446411292,9.345638619,924.179819,0,0,0.651217145,10,2.438589951,0.92,10,0.92,0.93,Nan,0.87
288,ag_news,45.82444444,7358,7,207,3.844082113,14.54454197,4343.969869,0,0,-1.476203494,4,2.304715394,0.76,4,0.42,0.37,0.51,0.12
289,dbpedia,65.72888889,9573,11,166,7.798077463,7.808647874,532.1893859,0,0,-0.102671246,14,2.042979036,0.95,14,0.4,0.47,Nan,0.14
290,banking77__4,16.25222222,1094,4,70,3.863560349,14.01103003,4184.627634,0,0,0.113551675,4,1.5779345,0.81,4,0.88,0.92,Nan,0.59
291,banking77__14,16.41444444,1084,6,72,7.92148034,7.727952318,526.6896733,0,0,0.424316457,14,3.162987596,0.93,14,0.89,0.9,0.94,0.8
292,tweet_eval_emoji_5,23.22,4293,5,51,4.485537888,13.03326646,2916.19337,3.038806007,2,1.167306338,5,2.893191449,0.81,5,0.63,0.7,Nan,0.7
293,tweet_eval_emoji_14,22.98111111,4181,5,52,8.940319274,8.231652229,561.0187596,0,0,0.788366932,14,7.269069419,0.88,14,0.64,0.79,Nan,0.68
294,banking77__14,16.39666667,1139,4,98,7.779611945,7.767500833,529.3850568,0,0,0.111939519,14,2.301368079,0.93,14,0.91,0.95,0.95,0.81
295,tweet_eval_emoji_10,23.30888889,4188,5,49,7.064465798,9.589847539,948.3293678,0,0,1.291481987,10,2.83634902,0.92,10,0.58,0.69,Nan,0.71
296,tweet_eval_emoji_5,23.02888889,4230,5,47,4.489344473,13.01240501,2911.525621,0,0,0.22981928,5,2.267655227,0.81,5,0.57,0.7,Nan,0.65
297,dbpedia,64.23555556,9405,6,149,7.791373322,7.822075383,533.1045223,0,0,0.302714078,14,2.637449683,0.94,14,0.42,0.39,0.78,0.12
298,ag_news,46.24333333,7431,15,268,3.903098973,14.1756511,4233.794462,0,0,-0.303045763,4,1.580174927,0.92,4,0.46,0.52,Nan,0.14
299,banking77__4,16.49777778,1176,5,95,3.797580438,14.38069733,4295.034934,0,0,0.306541216,4,1.963996749,0.75,4,0.89,0.94,Nan,0.67
300,banking77__4,16.78555556,1166,6,98,3.81013894,14.2350984,4251.54939,0,0,0.996927796,4,2.162595506,0.75,4,0.9,0.94,Nan,0.65
301,banking77__4,16.82888889,1181,5,98,3.839025634,14.16895235,4231.793769,0,0,0,4,1.64,0.75,4,0.85,0.95,Nan,0.68
302,banking77__4,16.29111111,1126,6,89,3.929729972,14.03573774,4192.007005,0,0,-0.418039809,4,2,0.9,4,0.94,0.97,Nan,0.63
303,banking77__4,16.12888889,1133,5,75,3.919907271,13.85360299,4137.609427,0,0,0.527046277,4,1.945276635,0.98,4,0.9,0.93,Nan,0.67
304,banking77__4,15.88222222,1083,6,80,3.84775487,14.0219728,4187.895876,0,0,1.371988681,4,2.287069076,0.73,4,0.88,0.91,Nan,0.65
305,banking77__4,16.68111111,1142,5,89,3.869862511,14.01129868,4184.707871,3.038974148,2,-0.468521286,4,1.437834622,0.77,4,0.91,0.97,0.97,0.65
306,banking77__4,16.50555556,1149,5,83,3.834603471,14.34188114,4283.441835,0,0,0.95923292,4,1.911808837,0.74,4,0.9,0.94,0.87,0.68
307,banking77__4,16.57222222,1100,6,80,3.839389938,14.26470002,4260.390406,0,0,-0.507092553,4,1.845714286,0.94,4,0.93,0.98,Nan,0.6
308,banking77__4,16.90555556,1113,5,69,3.839243306,14.09310716,4209.141338,0,0,0,4,1.720897116,0.73,4,0.87,0.96,Nan,0.66
309,banking77__4,16.70111111,1149,6,71,3.90550828,13.92773387,4159.74985,0,0,0,4,1.293115339,0.78,4,0.88,0.95,Nan,0.66
310,banking77__4,16.27777778,1086,6,66,3.807654405,14.23570948,4251.731898,0,0,-0.32349832,4,1.221200649,0.75,4,0.83,0.9,Nan,0.62
311,banking77__4,16.51666667,1099,5,72,3.835337125,13.97880607,4175.003414,0,0,1.459538318,4,2.303180096,0.8,4,0.91,0.93,Nan,0.61
312,banking77__4,16.57777778,1108,5,64,3.836545396,14.10438708,4212.510274,0,0,0.762000762,4,1.700312175,0.75,4,0.87,0.96,Nan,0.58
313,banking77__4,16.32222222,1168,6,98,3.876358636,14.26513495,4260.520306,0,0,0.635998728,4,2.06249211,1,4,0.88,0.94,Nan,0.66
314,banking77__4,16.58777778,1108,6,95,3.843441543,14.13336811,4221.165942,0,0,-1.279204298,4,2.26446281,0.93,4,0.87,0.93,Nan,0.77
315,banking77__4,16.12777778,1094,6,98,3.823643353,14.14060567,4223.327561,0,0,-0.458087939,4,1.246154259,0.81,4,0.86,0.93,Nan,0.73
316,banking77__4,16.58666667,1130,5,70,3.925927066,13.95251262,4167.150436,0,0,0.842483934,4,1.657425191,0.91,4,0.92,0.93,Nan,0.63
317,banking77__4,16.68333333,1138,6,69,3.838440678,14.06595567,4201.032093,2.942063718,2,1.315937338,4,2.247148498,0.74,4,0.85,0.92,Nan,0.72
318,banking77__4,16.29888889,1129,5,72,4.030960445,13.6389955,4073.513324,0,0,-1.553675412,4,2.315775624,1,4,0.9,0.94,Nan,0.68
319,banking77__4,16.62444444,1118,6,63,3.782379813,14.33349849,4280.938215,0,0,0.768921892,4,2.118439981,0.74,4,0.91,0.97,Nan,0.67
320,banking77__4,15.72,1081,5,66,3.710782533,14.65321248,4376.426128,0,0,1.477097892,4,2.308539945,0.89,4,0.88,0.94,Nan,0.67
321,banking77__4,15.99666667,1086,6,80,3.890308886,13.79378811,4119.744715,3.761375716,2,1.622214211,4,2.328306145,0.72,4,0.88,0.97,Nan,0.69
322,banking77__4,16.18222222,1106,5,76,4.018866082,13.67670776,4084.776716,0,0,-0.513264903,4,2.054812588,0.7,4,0.89,0.95,0.92,0.58
323,banking77__4,16.94555556,1174,6,89,3.923187955,13.86299991,4140.415972,0,0,0.108394406,4,1.184124236,0.74,4,0.89,0.94,Nan,0.64
324,banking77__4,16.12666667,1073,4,75,3.724903334,14.31512489,4275.450633,0,0,-0.286038777,4,1.333553719,0.81,4,0.9,0.95,Nan,0.64
325,banking77__4,16.28888889,1142,5,98,3.883592394,14.17641458,4234.022488,0,0,0.492365964,4,1.398700813,0.74,4,0.86,0.95,Nan,0.76
326,banking77__4,16.57333333,1123,5,89,3.82307965,14.13067466,4220.361499,0,0,-0.640792108,4,1.387451494,1,4,0.92,0.95,Nan,0.6
327,banking77__4,16.68444444,1122,5,70,3.777766342,14.42652813,4308.723067,0,0,0,4,1.778546713,0.94,4,0.87,0.91,Nan,0.58
328,banking77__4,16.52666667,1156,6,80,3.805443831,14.27108816,4262.29833,0,0,-0.316227766,4,1.834074074,0.73,4,0.91,0.97,Nan,0.63
329,banking77__4,16.84222222,1117,6,70,3.763710488,14.47743256,4323.926525,0,0,0,4,1.951814396,0.92,4,0.87,0.94,0.91,0.55
330,banking77__4,16.85333333,1159,6,79,3.844914115,14.13796677,4222.53941,0,0,-0.592637758,4,2.054824509,0.8,4,0.92,0.98,Nan,0.69
331,banking77__4,16.44888889,1130,6,72,3.874613652,14.15767488,4228.425564,3.469831887,2,0.29261524,4,1.967103058,0.81,4,0.91,0.94,Nan,0.74
332,banking77__4,15.88666667,1137,5,95,3.837974007,14.0939726,4209.399817,0,0,1.278019301,4,2.258106996,0.95,4,0.91,0.96,0.96,0.73
333,banking77__4,16.44222222,1120,6,63,3.767604705,14.39032952,4297.911749,0,0,-1.477097892,4,2.308539945,0.97,4,0.9,0.92,0.96,0.68
334,banking77__4,16.26888889,1133,5,69,3.857043499,14.18301301,4235.993218,0,0,-0.430508683,4,1.786608187,0.75,4,0.9,0.95,Nan,0.71
335,banking77__4,16.25111111,1125,5,98,3.918225918,13.73808321,4103.107519,0,0,0.166154633,4,1.403816478,0.98,4,0.89,0.95,Nan,0.59
336,banking77__4,16.63222222,1128,4,89,3.859289314,14.05327192,4197.243881,0,0,0.230089497,4,1.5216609,0.82,4,0.92,0.96,Nan,0.74
337,banking77__4,16.25666667,1164,6,98,3.92533541,13.77049761,4112.78862,0,0,0.777481583,4,1.807529517,0.87,4,0.94,0.94,Nan,0.57
338,banking77__4,15.93888889,1069,5,74,3.864309436,14.22326462,4248.015033,3.4329371,2,-0.948683298,4,2.106496,0.74,4,0.9,0.96,Nan,0.73
339,banking77__4,16.67777778,1154,5,80,3.814695915,14.27594609,4263.749231,0,0,0.760469101,4,1.938307447,0.95,4,0.87,0.91,0.92,0.61
340,banking77__4,16.16666667,1132,5,89,3.76954239,14.35190108,4286.434456,0,0,-0.442325868,4,1.697542533,0.8,4,0.94,0.98,0.95,0.62
341,banking77__4,16.27333333,1160,6,85,3.857484908,14.21299971,4244.949248,0,0,-0.996927796,4,2.162595506,0.83,4,0.86,0.93,Nan,0.69
342,banking77__4,16.18666667,1129,5,85,3.868422896,14.21527581,4245.629041,0,0,-0.426401433,4,1.510254056,0.96,4,0.92,0.96,Nan,0.67
343,banking77__4,16.24555556,1095,4,98,3.940232167,13.94901551,4166.105966,0,0,0.410074914,4,2,0.77,4,0.9,0.95,0.88,0.66
344,banking77__4,16.40666667,1117,6,74,3.890136069,14.08162408,4205.711724,0,0,-1.250531802,4,2.118303908,0.9,4,0.86,0.92,Nan,0.6
345,banking77__4,16.52333333,1097,7,85,3.810476384,14.20098179,4241.359893,4.113433889,2,-1.254119426,4,2.135733811,0.77,4,0.86,0.96,Nan,0.63
346,banking77__4,15.88222222,1090,5,85,3.854717554,13.99370262,4179.452517,0,0,-0.593442426,4,1.520907372,0.94,4,0.87,0.96,Nan,0.7
347,banking77__4,16.77555556,1135,5,73,3.845237277,14.10095655,4211.48569,0,0,-1,4,2.185185185,0.96,4,0.9,0.93,0.95,0.65
348,banking77__4,16.32111111,1121,5,72,3.773270358,14.33067428,4280.094719,0,0,-0.276172385,4,1.87130135,0.73,4,0.89,0.96,Nan,0.67
349,banking77__4,16.31888889,1078,5,65,3.754332907,14.54593269,4344.385231,0,0,-1.214461357,4,2.160568674,0.75,4,0.94,0.94,Nan,0.63
350,yelp_review_full,178.8888889,8965,4,1360,4.426036341,12.73039431,2848.425726,0,0,0,5,2.5,0.81,5,0.66,0.92,Nan,Nan
351,banking77__14,17.11888889,1168,5,83,7.774064955,7.793319846,531.1447218,0,0,0.954291327,14,4.630003281,0.91,14,0.92,0.92,0.94,0.83
352,amazon_review_full,98.19333333,8966,15,252,4.209233371,13.29370753,2974.46706,0,0,0.239578712,5,2.281113338,0.8,5,0.72,0.98,0.99,0.7
353,tweet_eval_emoji_10,23.38444444,4334,6,61,7.271856757,9.70447396,959.6646471,0,0,1.521632688,10,3.874296095,0.96,10,0.54,0.67,Nan,0.67
354,yelp_review_full,178.0977778,8981,6,1104,4.389297295,12.7007,2841.781625,0,0,-0.452267017,5,2.216942149,0.79,5,0.73,0.91,,
355,tweet_eval_emoji_4,22.6,4182,5,59,3.894230836,14.73561863,4401.038099,0,0,1.174329349,4,2.158163848,1,4,0.56,0.72,Nan,0.62
356,tweet_eval_emoji_2,22.90666667,4239,5,57,2.53382149,20.53989167,18444.82272,0,0,0,2,1,1,2,0.41,0.52,Nan,0.34
357,banking77__4,16.54555556,1125,5,89,3.840893268,14.220089,4247.066582,0,0,0.46291005,4,2,0.74,4,0.93,0.98,Nan,0.55
358,tweet_eval_emoji_2,23.05888889,4196,5,52,2.583754765,20.72010655,18606.65568,0,0,0,2,1,1,2,0.33,0.48,Nan,0.42
359,tweet_eval_emoji_4,23.43222222,4239,5,50,3.869954783,14.53883382,4342.265033,0,0,0.452061581,4,1.981025424,1,4,0.62,0.7,Nan,0.73
360,tweet_eval_emoji_5,23.54333333,4189,6,50,4.576799759,13.29110822,2973.885464,0,0,1.488251249,5,3.17122585,0.81,5,0.64,0.73,Nan,0.71
361,tweet_eval_emoji_4,23.15444444,4218,5,49,3.801644073,15.14000828,4521.815806,0,0,1.128847776,4,2.160901735,0.93,4,0.49,0.67,Nan,0.69
362,banking77__4,16.02111111,1130,6,73,3.893218134,14.15881923,4228.767345,0,0,0.418039809,4,2,0.79,4,0.84,0.92,Nan,0.63
363,ag_news,46.45,7294,14,208,3.831965393,14.68697426,4386.509645,3.050715289,2,0.779483763,4,2.113496769,0.8,4,0.55,0.59,0.54,0.16
364,banking77__4,15.91777778,1078,5,59,3.86755063,14.04211683,4193.912226,0,0,0.489897949,4,1.6416,0.74,4,0.91,0.94,Nan,0.66
365,amazon_review_polarity,101.03,8996,18,270,2.585909393,19.43748665,17454.86301,0,0,0,2,1,0.66,2,0.56,0.72,0.89,0.28
366,banking77__2,15.96777778,1138,5,75,2.606495338,19.02029231,17080.22249,0,0,0,2,1,0.54,2,0.82,0.85,0.79,0.51
367,tweet_eval_emoji_10,23.48222222,4221,5,64,7.042662977,9.410352673,930.5793199,0,0,1.160153712,10,4.36717005,0.96,10,0.52,0.59,Nan,0.69
368,tweet_eval_emoji_14,23.34111111,4180,5,61,8.929758941,8.247880081,562.1247502,0,0,0.98834284,14,5.977060203,0.88,14,0.58,0.71,Nan,0.73
369,banking77__14,16.82222222,1147,6,95,7.707310174,7.876139398,536.7891928,0,0,0.945888938,14,3.929342253,0.95,14,0.9,0.89,0.96,0.78
370,amazon_review_full,98.97,9057,16,359,4.238564619,13.13377667,2938.682529,0,0,0.616959559,5,2.111570044,0.84,5,0.63,0.99,Nan,0.74
371,tweet_eval_emoji_2,22.91222222,4212,5,50,2.660334559,19.67692411,17669.87785,0,0,0,2,1,0.54,2,0.24,0.43,Nan,0.33
372,amazon_review_full,98.13888889,8820,20,285,4.407809535,12.79360202,2862.568452,0,0,1.013143551,5,1.850741249,0.89,5,0.72,0.96,Nan,0.69
373,banking77__14,16.79777778,1126,5,89,7.73466544,7.873661596,536.6203211,0,0,-0.821754875,14,4.180317111,1,14,0.88,0.93,0.97,0.8
374,tweet_eval_emoji_5,23.21666667,4317,5,49,4.474247172,13.39376279,2996.854424,3.408336272,2,0.398373691,5,2.42139046,0.81,5,0.59,0.67,Nan,0.69
375,banking77__5,16.00555556,1068,5,65,4.36222633,12.97375344,2902.877332,0,0,1.988980632,5,2.384071972,0.89,5,0.88,0.9,0.91,0.8
376,dbpedia,66.25444444,9597,12,188,7.811092463,7.813115874,532.4938973,0,0,0.099028239,14,2.538195406,0.9,14,0.39,0.41,0.6,0.14
377,dbpedia,67.18888889,9790,10,201,7.842870604,7.827063205,533.4444615,0,0,0.439387575,14,2.36159506,0.86,14,0.38,0.44,Nan,0.15
378,tweet_eval_emoji_14,23.04222222,4123,5,47,9.130509949,8.307887167,566.2144638,0,0,0.924754475,14,5.110367211,0.91,14,0.63,0.74,Nan,0.71
379,tweet_eval_emoji_10,22.94444444,4191,5,56,6.963107421,9.574665777,946.8280602,0,0,1.14689084,10,3.699820229,0.75,10,0.55,0.69,Nan,0.69
380,banking77__2,16.34555556,1084,5,72,2.649726376,18.66048093,16757.11188,0,0,0,2,1,1,2,0.84,0.82,0.78,0.38
381,banking77__5,16.46888889,1156,5,80,4.379083921,12.81466761,2867.281877,0,0,-0.885936635,5,2.64895439,0.86,5,0.87,0.91,0.95,0.76
382,dbpedia,64.58333333,9595,11,230,7.829695946,7.780408994,530.2647976,0,0,0.13494224,14,2.849492226,0.93,14,0.4,0.46,0.72,0.12
383,banking77__5,16.22555556,1097,6,89,4.38700061,12.75877215,2854.775268,0,0,1.58113883,5,2.488425926,0.84,5,0.88,0.87,Nan,0.71
384,banking77__2,16.41111111,1099,6,73,2.531415835,19.49789098,17509.1061,0,0,0,2,1,0.54,2,0.81,0.79,Nan,0.3
385,tweet_eval_emoji_14,22.65444444,4102,6,52,9.388154203,8.358167708,569.6412761,0,0,0.961754036,14,7.480309553,0.88,14,0.62,0.74,Nan,0.67
386,yelp_review_full,190.1955556,9109,5,1229,4.4179211,12.52453338,2802.364343,0,0,-1.277914127,5,1.55469563,0.82,5,0.67,0.96,Nan,0.56
387,banking77__4,16.44888889,1093,5,67,3.739155757,14.58417806,4355.807846,0,0,0.90913729,4,2,0.91,4,0.89,0.95,Nan,0.76
388,tweet_eval_emoji_4,22.97555556,4254,5,61,3.878540775,14.88574778,4445.876672,0,0,0.888604235,4,2.108117314,1,4,0.6,0.73,Nan,0.64
389,banking77__5,16.57666667,1099,5,69,4.363759547,12.91679737,2890.133412,0,0,-0.834460875,5,1.495244847,0.84,5,0.89,0.9,0.93,0.86
390,tweet_eval_emoji_5,23.03555556,4316,5,54,4.377008369,13.41373949,3001.324212,3.401571005,2,0.534297527,5,2.837295351,0.81,5,0.65,0.69,Nan,0.75
391,banking77__2,16.25,1101,6,70,2.645121714,18.74434999,16832.42629,0,0,0,2,1,0.54,2,0.77,0.81,Nan,0.47
392,banking77__10,16.86444444,1145,6,89,6.391408907,9.280226428,917.7112801,0,0,0.851102709,10,4.255785924,0.91,10,0.93,0.97,Nan,0.87
393,dbpedia,66.62333333,9510,11,163,7.861865856,7.744351989,527.807374,0,0,0.952500953,14,2.517206243,0.93,14,0.34,0.43,0.69,0.14
394,yelp_review_full,188.8366667,9108,4,1406,4.350645627,12.83775536,2872.447762,0,0,0,5,1.964843169,0.87,5,0.73,0.88,Nan,Nan
395,tweet_eval_emoji_14,23.00888889,4223,5,61,9.147932246,8.353228345,569.3046395,0,0,1.233444076,14,7.250724334,0.88,14,0.62,0.72,Nan,0.75
396,tweet_eval_emoji_4,23.48,4348,5,55,3.876929609,14.73682733,4401.399096,0,0,1.532915311,4,2.305727111,1,4,0.55,0.69,Nan,0.56
397,yelp_review_full,179.6066667,8895,7,1355,4.324827493,12.81863521,2868.169627,0,0,-0.570581021,5,2.614801853,0.95,5,0.66,0.93,Nan,Nan
398,dbpedia,66.35666667,9673,9,228,7.907071678,7.66950566,522.7063088,0,0,-0.537587202,14,3.252022519,0.92,14,0.39,0.42,0.63,0.2
399,tweet_eval_emoji_5,23.21666667,4303,6,67,4.547529662,12.96289978,2900.448827,3.037311318,2,1.112907717,5,3.119604936,0.88,5,0.6,0.68,Nan,0.72
480,tweet_eval_emoji_2,23.35333333,4298,4,52,2.514542581,20.60147097,18500.12093,2.685165388,2,0,2,1,1,2,0.27,0.36,Nan,0.46
481,tweet_eval_emoji_5,22.98333333,4177,6,61,4.598505358,12.66825491,2834.522037,0,0,1.465292469,5,2.393063544,0.81,5,0.6,0.69,Nan,0.63
482,ag_news,44.60555556,7403,14,208,3.867468968,14.2222633,4247.715972,0,0,0,4,1.991769582,0.91,4,0.49,0.59,Nan,0.18
483,tweet_eval_emoji_10,22.81666667,4161,6,55,7.051347209,9.706169212,959.8322887,0,0,1.184051561,10,4.562938906,0.96,10,0.56,0.64,Nan,0.6
484,tweet_eval_emoji_10,23.27666667,4268,4,61,7.105666466,9.538212896,943.2232752,0,0,1.089645086,10,5.250037602,0.96,10,0.56,0.65,Nan,0.69
485,yelp_review_full,188.3155556,9002,4,1425,4.400862088,12.81762586,2867.943786,0,0,-1.309556805,5,2.906426606,0.88,5,0.64,0.9,Nan,Nan
486,banking77__14,16.53,1110,6,80,7.736025532,7.898375019,538.3046359,2.728505912,2,0.944356366,14,2.22050671,0.93,14,0.83,0.88,0.94,0.75
487,ag_news,47.41333333,7578,16,289,4.000627055,14.00247601,4182.072836,0,0,0,4,1.696995202,0.81,4,0.47,0.41,0.5,0.12
488,banking77__2,16.79333333,1134,6,95,2.63700872,19.53345789,17541.04518,0,0,0,2,1,0.54,2,0.77,0.77,0.71,0.43
489,ag_news,47.00666667,7487,16,268,3.859931406,14.44650632,4314.689887,0,0,-0.209274032,4,1.924414371,0.92,4,0.58,0.61,0.56,0.15
490,banking77__14,16.68222222,1149,4,85,7.818683376,7.819084626,532.9006907,3.162473498,2,-0.327813326,14,2.331523072,0.89,14,0.88,0.93,0.95,0.82
491,tweet_eval_emoji_14,23.37777778,4214,4,55,9.055057385,8.540879568,582.0937921,0,0,0.954062636,14,5.588532656,0.88,14,0.67,0.75,Nan,0.69
492,dbpedia,67.19888889,9731,11,142,7.72447124,7.888780524,537.6507342,0,0,0.480308445,14,5.898807483,0.91,14,0.42,0.45,0.7,0.1
493,yelp_review_full,182.5944444,9089,5,1290,4.438626166,12.50664671,2798.362201,0,0,0,5,1.431539375,0.82,5,0.74,0.91,Nan,Nan
494,banking77__14,16.72222222,1095,5,71,7.61715413,7.972105978,543.3296844,0,0,0.722560595,14,2.810444175,0.92,14,0.88,0.93,0.93,0.83
495,tweet_eval_emoji_14,23.36444444,4230,5,61,9.496165591,8.329337252,567.6763696,0,0,0.824312398,14,6.106730127,0.88,14,0.58,0.7,Nan,0.61
496,tweet_eval_emoji_10,22.86333333,4228,5,54,7.203771155,9.454714885,934.9662498,0,0,1.342927962,10,4.375572109,0.96,10,0.59,0.68,Nan,0.72
497,banking77__4,16.46,1088,6,73,3.797287074,14.34918684,4285.623803,0,0,0.441128773,4,2.031292915,0.79,4,0.87,0.94,Nan,0.65
498,yelp_review_full,181.6866667,8932,7,1054,4.373099308,12.57692892,2814.087845,0,0,1.808410583,5,1.254225257,0.8,5,0.73,0.94,Nan,0.62
499,banking77__2,16.68444444,1101,5,69,2.59670835,18.95137592,17018.33558,0,0,0,2,1,1,2,0.8,0.82,0.76,0.48
