Index,Dataset,Mean distance,Fisher ratio,CalHara Index,DaBou Index,Number of cluster
0,ag_news,3.8832161688088256,14.254407810223805,4257.316465986843,0,0,
1,amazon_review_polarity,2.5335737644551237,19.653255131948765,17648.623108489992,3.389670029491179,2,
2,yelp_review_polarity,2.626371328710286,18.79084571092802,16874.179448413364,0,0,
3,amazon_review_polarity,2.6033388587508473,19.203577776015354,17244.81284286179,0,0,
4,yahoo_answers,6.301625417059949,9.558607388506413,945.2400639745231,0,0,
5,dbpedia,7.851366792195755,7.8424636361460225,534.4940601250289,0,0,
6,amazon_review_polarity,2.5540522791368936,19.779862530751938,17762.31655261524,3.2656775908505424,2,
7,amazon_review_polarity,2.614728301734712,19.256347852184405,17292.200371261595,0,0,
8,amazon_review_full,4.263566899940979,13.127856798451818,2937.3579586535943,0,0,
9,ag_news,3.91784421198978,14.196051478089778,4239.88737478948,3.4309717938140167,2,
10,amazon_review_polarity,2.573154326907301,19.297887208627348,17329.50271334736,0,0,
11,dbpedia,7.744115797328208,7.803812138419564,531.859811895364,0,0,
12,dbpedia,7.839106520148151,7.817794444037604,532.812759801332,0,0,
13,yelp_review_polarity,2.631698898299988,18.733669180521122,16822.834924107967,0,0,
14,dbpedia,7.753892505278974,7.868617986805553,536.2765797161323,0,0,
15,dbpedia,7.742568699247288,7.859671294058352,535.6668281950539,0,0,
16,dbpedia,7.847802737531809,7.758037269298771,528.7400785075931,0,0,
17,amazon_review_polarity,2.536805775707673,19.68174555621163,17674.207509478045,0,0,
18,yelp_review_polarity,2.6443501925042074,18.671537352256923,16767.04054232672,0,0,
19,dbpedia,7.751833385730479,7.821062658767609,533.0355012052386,0,0,
20,dbpedia,7.811799113490208,7.814072684063641,532.559107544645,0,0,
21,dbpedia,7.778747913356498,7.861039513238656,535.760077594573,0,0,
22,yelp_review_polarity,2.6315776653552443,18.976201536761245,17040.6289800116,0,0,
23,dbpedia,7.781337686571058,7.851633033831521,535.1189898442099,0,0,
24,amazon_review_polarity,2.515647994950154,19.833367493235524,17810.364008925502,0,0,
25,yelp_review_polarity,2.5910431395097864,18.889133322120863,16962.441723264536,3.0587997805422287,2,
26,ag_news,3.7515953708697736,14.738594285026627,4401.9268264612865,0,0,
27,yahoo_answers,6.491091230744124,9.372046542399486,926.7912691928382,0,0,
28,dbpedia,7.790139674828475,7.837478944066934,534.1543341879465,0,0,
29,dbpedia,7.760306486055545,7.840213653633825,534.3407151630438,0,0,
30,amazon_review_polarity,2.479266427694007,20.129729638664212,18076.497215520463,0,0,
31,amazon_review_polarity,2.550449441481096,19.881832357964157,17853.88545745181,0,0,
32,yelp_review_polarity,2.5135647016436415,19.236626462971504,17274.49056374841,0,0,
33,yelp_review_polarity,2.6686618671161715,18.509440157348013,16621.477261298514,0,0,
34,yelp_review_polarity,2.604356120916547,18.73457239418844,16823.646009981218,0,0,
35,yelp_review_polarity,2.6254337336383378,19.01396521069587,17074.54075920489,3.269125175104863,2,
36,yelp_review_polarity,2.6073296099786125,18.887124787677728,16960.6380593346,0,0,
37,amazon_review_polarity,2.507960598711901,19.575702804450426,17578.98111839648,0,0,
38,yelp_review_polarity,2.6368397631594336,18.63473127918688,16733.98868870982,3.1394772009378427,2,
39,ag_news,3.85241365977071,14.657466008226757,4377.696514457058,0,0,
40,ag_news,3.7887415375032463,14.316317122632627,4275.806713959611,0,0,
41,dbpedia,7.821318287301962,7.7871246305717206,530.7224940528112,2.9033588756587227,2,
42,ag_news,3.955271591615974,14.031573160527417,4190.763183944188,0,0,
43,amazon_review_polarity,2.5456798976259276,19.955243207067053,17919.808399946214,0,0,
44,ag_news,3.909693923346527,14.336124135613929,4281.72240850336,0,0,
45,ag_news,3.7509095303452673,14.635500994048275,4371.136296889085,0,0,
46,amazon_review_full,4.355166985055016,12.914556688131828,2889.6320589694965,3.1527491926756275,2,
47,yelp_review_polarity,2.5448847197482944,19.410763216634354,17430.86536853765,0,0,
48,yahoo_answers,6.446682036730713,9.395583483353542,929.118811131628,0,0,
49,yelp_review_polarity,2.6446083299094405,18.49376122154127,16607.397576944062,3.1223596290814744,2,
50,dbpedia,7.854512898473554,7.803699264196503,531.8521190829308,0,0,
51,dbpedia,7.820256012591062,7.764968534574068,529.2124708948172,0,0,
52,yelp_review_polarity,2.628879053877147,18.713549354322087,16804.767320181232,3.6986808414420986,2,
53,amazon_review_full,4.307057897032673,13.057798600467574,2921.68243685462,0,0,
54,ag_news,3.9387402802206593,14.170211531762344,4232.16984415302,0,0,
55,amazon_review_polarity,2.5026504286094267,19.915719797463158,17884.316378121915,0,0,
56,dbpedia,7.8161206233517255,7.75791858289965,528.7319895730069,0,0,
57,amazon_review_polarity,2.444875574264032,20.56301711587927,18465.589370059584,3.4170798149088846,2,
58,dbpedia,7.816085260700309,7.78031409507994,530.258329864679,3.21259316518924,3,
59,amazon_review_full,4.27529178877353,13.217199891037565,2957.348475619655,0,0,
60,amazon_review_polarity,2.5296074697981834,20.076043408498307,18028.28698083148,0,0,
61,yelp_review_polarity,2.5929905564575018,19.351500378966804,17377.64734031219,0,0,
62,dbpedia,7.872037675845076,7.726052018194247,526.5601606246233,0,0,
63,ag_news,3.901510003631185,14.260668052256445,4259.1861916072585,0,0,
64,amazon_review_full,4.385638852151673,12.786468374952278,2860.9722988955723,0,0,
65,yelp_review_polarity,2.5970814514232012,18.805206228214413,16887.075192936543,0,0,
66,dbpedia,7.78915254122076,7.891008914208166,537.8026075375719,3.475364767801681,2,
67,dbpedia,7.976994776246861,7.655094208482057,521.7241129780848,0,0,
68,ag_news,3.8433705011881623,14.299905489259173,4270.905106125406,0,0,
69,yelp_review_full,4.335493795001313,12.670440569513989,2835.011077428755,3.503453917963201,2,
70,yelp_review_polarity,2.670919636460127,18.828203219036794,16907.72649069504,0,0,
71,ag_news,3.9394953999903195,14.236419539685317,4251.943969186014,0,0,
72,yelp_review_polarity,2.6982177530609235,18.632633286701818,16732.104691458233,0,0,
73,yelp_review_polarity,2.7094449230390905,18.146070414862564,16295.171232546581,0,0,
74,yelp_review_polarity,2.7290946126290567,18.32182384172646,16452.99780987036,0,0,
75,ag_news,3.8469402857518618,14.424330165662496,4308.066609477865,2.8184260942617385,2,
76,dbpedia,7.7924698718354435,7.816598249844944,532.7312345663554,0,0,
77,dbpedia,7.858823440890917,7.7628309415055305,529.0667857056847,0,0,
78,dbpedia,7.695935707462804,7.905129626765273,538.7649884087716,0,0,
79,yelp_review_polarity,2.6060220998573214,18.871654366732685,16946.74562132595,0,0,
80,yahoo_answers,6.486324278691091,9.40658625671509,930.2068631640478,0,0,
81,amazon_review_polarity,2.6477333294323993,18.94246950430863,17010.33761486915,0,0,
82,yelp_review_polarity,2.6364204952885895,18.7556792166489,16842.599936550712,0,0,
83,ag_news,3.8525933583502265,14.443793804534094,4313.879749620849,3.017828890002946,3,
84,ag_news,3.8869559922885273,14.196801133883914,4240.111271986662,3.331687588917923,2,
85,amazon_review_full,4.430226467559473,12.66297834593367,2833.3414049026587,0,0,
86,yahoo_answers,6.4609741727303875,9.378917631849532,927.4707435940093,3.034869383990839,2,
87,amazon_review_full,4.378389139729973,12.940970143852239,2895.5420696869382,0,0,
88,amazon_review_polarity,2.3855317691834848,20.564187639431026,18466.64050020906,0,0,
89,yelp_review_polarity,2.6091137293299433,18.82994228171072,16909.28816897623,3.1129479967166303,2,
90,yelp_review_polarity,2.6113828502567626,18.563310901193812,16669.853189272042,0,0,
91,yelp_review_full,4.412792452931284,12.615590841770493,2822.7384508461478,3.4666687461850785,2,
92,dbpedia,7.721812038672282,7.901763343211774,538.5355632373563,0,0,
93,amazon_review_polarity,2.563773252375825,19.62331248428809,17621.734610890704,0,0,
94,dbpedia,7.877183892002004,7.77954609123552,530.2059874488209,2.773198536922239,2,
95,dbpedia,7.785019363914447,7.81537901139395,532.6481387765415,0,0,
96,yelp_review_polarity,2.7500999868237184,18.229928147775816,16370.475476702682,0,0,
97,amazon_review_full,4.3963195646821,12.90693819315516,2887.927420718467,0,0,
98,amazon_review_full,4.368009642324983,13.066904526952058,2923.719887905523,0,0,
99,dbpedia,7.81583174615769,7.812139614386574,532.4273614112695,0,0,
100,dbpedia,7.9128200527175965,7.755740912309082,528.5835729466036,0,0,
101,ag_news,3.915539186468444,14.157417780397711,4228.348777078783,0,0,
102,amazon_review_polarity,2.621409890402975,18.968621971201873,17033.82253013928,0,0,
103,ag_news,3.8161216304519505,14.410793108548203,4304.023541753063,0,0,
104,dbpedia,7.930294280920136,7.674892058320194,523.0734125901301,0,0,
105,amazon_review_polarity,2.4940951176204713,20.355681712703227,18279.402178007498,0,0,
106,dbpedia,7.722003314152906,7.938424514119774,541.03416303924,0,0,
107,yelp_review_polarity,2.654016960271616,18.405317507754337,16527.975121963394,0,0,
108,yelp_review_polarity,2.716465566546072,18.31639120847254,16448.119305208344,0,0,
109,dbpedia,7.852393585428374,7.818475913965944,532.8592045979866,0,0,
110,yelp_review_polarity,2.597577141986416,19.177792569923774,17221.65772779155,0,0,
111,dbpedia,7.865848749995768,7.762974856602607,529.07659407307,0,0,
112,yelp_review_polarity,2.6871637613184833,18.18382243946308,16329.072550637844,2.9639316251000576,2,
113,dbpedia,7.791929335506295,7.780179785764081,530.2491761682288,0,0,
114,dbpedia,7.787621339103141,7.783463892454628,530.4730006703693,0,0,
115,amazon_review_polarity,2.616221147057493,19.119588829368897,17169.390768773268,0,0,
116,ag_news,3.8006183358392533,14.726296037742479,4398.253749939086,0,0,
117,amazon_review_polarity,2.579635522576643,19.267316682816006,17302.050381168774,0,0,
118,yelp_review_polarity,2.621026044684282,18.93956135345099,17007.72609539899,0,0,
119,dbpedia,7.747451924622684,7.82579870096984,533.3582806968676,3.4672182681577097,3,
120,yelp_review_polarity,2.670684406358458,18.236807625921095,16376.653248077144,0,0,
121,amazon_review_polarity,2.531319409324473,19.526011690908863,17534.35849843616,0,0,
122,yelp_review_polarity,2.4995154978213123,19.680831206621328,17673.38642354595,0,0,
123,dbpedia,7.903835621665246,7.717133426654581,525.9523243089199,0,0,
124,yelp_review_full,4.314839941355726,12.946664598679863,2896.8162039546196,0,0,
125,amazon_review_polarity,2.476106716398482,20.06803292238889,18021.093564305225,0,0,
126,amazon_review_polarity,2.562192723120172,19.87421980359115,17847.049383624853,0,0,
127,ag_news,3.856431140687339,14.369660398169861,4291.738572253399,0,0,
128,amazon_review_polarity,2.598719470270537,19.000976884463444,17062.877242248174,0,0,
129,yelp_review_polarity,2.594260207048116,19.126727203179925,17175.80102845557,3.143918363428033,2,
130,amazon_review_polarity,2.582937235977519,19.353458047217245,17379.405326401087,2.798149407720622,2,
131,ag_news,3.9363034653218847,14.115969808477608,4215.969649465312,0,0,
132,amazon_review_polarity,2.5766044241600077,19.44758187729383,17463.928525809857,0,0,
133,yelp_review_polarity,2.6556291540465815,18.528286767314206,16638.401517048158,3.417632121179062,2,
134,ag_news,3.9562063270568415,13.911291757423239,4154.839138217074,0,0,
135,dbpedia,7.779867359389116,7.819520819017927,532.9304188961448,0,0,
136,yelp_review_polarity,2.671845263002005,18.34655596005279,16475.207252127406,3.1480379347784693,2,
137,dbpedia,7.788946951449435,7.8082278898779744,532.1607623409143,0,0,
138,ag_news,3.872006383364435,14.381201727583791,4295.185582638359,0,0,
139,yelp_review_polarity,2.635073831639874,18.769163166600976,16854.708523607675,3.207894393864544,2,
140,dbpedia,7.873211194394937,7.719914905218373,526.1418927710369,0,0,
141,yelp_review_polarity,2.665745381681078,18.18875007423224,16333.49756666055,0,0,
142,dbpedia,7.810863689429657,7.798729908442819,531.5134383754106,0,0,
143,dbpedia,7.862281899415932,7.797423238037738,531.4243837616489,2.8240001958089747,2,
144,ag_news,3.859230937181607,14.512815395843335,4334.494198225209,0,0,
145,amazon_review_polarity,2.553219875531751,19.581793413852818,17584.45048563983,0,0,
146,ag_news,3.8708455980073153,14.438579565728105,4312.32243029746,0,0,
147,yelp_review_polarity,2.673334336179192,18.495518551769223,16608.975659488762,3.052391378817176,2,
148,ag_news,3.900137955063381,14.216393759361516,4245.9629361293055,0,0,
149,amazon_review_polarity,2.6534869708048507,19.17386751864514,17218.133031743335,0,0,
150,yelp_review_polarity,2.7173014209716455,18.549470275993492,16657.424307842157,0,0,
151,yelp_review_polarity,2.5568307148069658,19.21384187466523,17254.030003449378,0,0,
152,yelp_review_polarity,2.56481602607898,19.360755463432774,17385.95840616263,3.3085776958243347,2,
153,yelp_review_polarity,2.670191448567255,18.237935720015923,16377.666276574299,0,0,
154,yahoo_answers,6.493821343616686,9.375115096040236,927.0947150528677,3.131911731211199,2,
155,ag_news,3.9263003533886676,14.288844027140643,4267.601416106006,0,0,
156,dbpedia,7.921991861257495,7.7354500988682116,527.2006759690181,0,0,
157,ag_news,3.9609565765531016,14.00653119990145,4183.283985037234,0,0,
158,dbpedia,7.837491302514481,7.757489780090168,528.7027650122992,0,0,
159,amazon_review_polarity,2.5324623827844355,20.05852140175968,18012.552218780194,0,0,
160,ag_news,3.9975966411397734,13.988075973424332,4177.772024062734,3.0120684669860065,2,
161,yelp_review_polarity,2.6783343570464346,18.31718489752691,16448.832037979166,0,0,
162,yahoo_answers,6.471198987476063,9.337819403781374,923.4065854850471,0,0,
163,yelp_review_polarity,2.512599821009728,19.701069472204853,17691.560386039957,0,0,
164,yelp_review_polarity,2.49366168395056,19.673050614311066,17666.399451651338,0,0,
165,ag_news,3.880758787641774,14.430682929689779,4309.963968334014,0,0,
166,amazon_review_polarity,2.581460556597567,19.458058503754888,17473.336536371888,0,0,
167,dbpedia,7.823678057797423,7.730115857916734,526.8371269318635,0,0,
168,yelp_review_polarity,2.667322561181918,18.44992065921146,16568.02875197189,0,0,
169,amazon_review_polarity,2.5295160391151543,19.904957826819803,17874.652128484184,0,0,
170,dbpedia,7.784063821199843,7.793468048393553,531.1548223751298,0,0,
171,amazon_review_polarity,2.612403812710957,19.271428559962494,17305.74284684632,0,0,
172,amazon_review_polarity,2.5618898480682364,19.583866059988207,17586.31172186941,0,0,
173,amazon_review_polarity,2.5198055239064865,19.646081060642135,17642.18079245664,0,0,
174,amazon_review_polarity,2.510183558377339,19.868242783888306,17841.682019931697,0,0,
175,amazon_review_polarity,2.6219550748799167,19.14036940513039,17188.05172580709,0,0,
176,amazon_review_full,4.36502255999576,12.867118393373207,2879.0177405172553,0,0,
177,amazon_review_full,4.34805153047081,13.1056506514003,2932.389333250817,3.056291423735781,2,
178,yelp_review_polarity,2.5183164762797237,19.618187950204906,17617.132779284006,0,0,
179,ag_news,3.908935539779491,14.29409607472184,4269.170027650257,0,0,
180,dbpedia,7.902487988559441,7.73684127081295,527.2954896877134,0,0,
181,yelp_review_full,4.280829853240148,12.965142688426598,2900.9506765354513,0,0,
182,ag_news,3.938639599483243,14.059799065622979,4199.19332093273,0,0,
183,dbpedia,7.970994132009063,7.637281705966681,520.5101224220369,0,0,
184,amazon_review_polarity,2.556154246225989,19.761222715245918,17745.577998290835,0,0,
185,dbpedia,7.771091765417542,7.814403324388243,532.5816419544602,0,0,
186,dbpedia,7.794223550586375,7.808267932996364,532.1634914334445,0,0,
187,dbpedia,7.883742339468524,7.720435052366449,526.1773427997442,0,0,
188,ag_news,3.7434228273704035,14.634372585351501,4370.799278824982,0,0,
189,amazon_review_full,4.427964394669902,12.802770071606366,2864.6198035219245,0,0,
190,amazon_review_polarity,2.5348141396497375,19.96639478058473,17929.822512965085,0,0,
191,yelp_review_polarity,2.5874498781844526,19.106861652723516,17157.96176414572,0,0,
192,dbpedia,7.773831256147499,7.870557955681606,536.4087960564541,0,0,
193,ag_news,3.7928066932384796,14.480622688199976,4324.879309542393,0,0,
194,ag_news,3.870039444840173,14.30173972164396,4271.452930197663,0,0,
195,yelp_review_polarity,2.6297029319746383,18.92678848982343,16996.25606386144,0,0,
196,dbpedia,7.866659817647507,7.808015619207388,532.1462952782881,0,0,
197,amazon_review_polarity,2.583110071019137,19.6607413016324,17655.345688865895,0,0,
198,amazon_review_polarity,2.5664191764549127,19.596352226600484,17597.524299487235,0,0,
199,yelp_review_polarity,2.5709202514462723,19.106801152915594,17157.907435318204,0,0,
200,amazon_review_full,4.271775080710682,13.272234039183566,2969.662366267323,3.1273921196778662,2,
201,yelp_review_full,4.468360106301835,12.636838313998346,2827.49257275713,0,0,
202,yelp_review_full,4.413836551464853,12.636276431105104,2827.366851459767,0,0,
203,yahoo_answers,6.422723679383082,9.389989382956546,928.5656167590363,0,0,
204,yahoo_answers,6.489266593693597,9.300708143921673,919.7366942322543,0,0,
205,yelp_review_full,4.326035507811655,12.879944173710014,2881.8875088676155,0,0,
206,yelp_review_full,4.297317912899388,12.823770987182982,2869.3187583821923,0,0,
207,yelp_review_full,4.3955752833404285,12.770908925483253,2857.490872076878,0,0,
208,amazon_review_full,4.439758282751149,12.749633797600225,2852.7305622130502,0,0,
209,yelp_review_full,4.370966125874001,12.755112848554678,2853.956499864109,0,0,
210,yelp_review_full,4.383252634115883,12.642917188326052,2828.852720887954,0,0,
211,amazon_review_full,4.388630294773976,12.968546312415913,2901.7122374030605,0,0,
212,yelp_review_full,4.339178065854279,12.850840049818574,2875.3754611469058,0,0,
213,amazon_review_full,4.271439510519863,13.259907932241806,2966.904399839104,0,0,
214,amazon_review_full,4.342348839503427,13.03824860302994,2917.308124927949,0,0,
215,amazon_review_full,4.308054050200466,13.141805049926614,2940.4788799210796,0,0,
216,yelp_review_full,4.309075550546502,12.88706207588832,2883.4801394800115,0,0,
217,yelp_review_full,4.413693462029289,12.638860156647056,2827.9449600497787,0,0,
218,amazon_review_full,4.450705825209773,12.647687377228824,2829.920050654949,0,0,
219,yahoo_answers,6.431365875025901,9.422445939988101,931.7752096210455,3.0258167615614733,2,
220,yelp_review_full,4.328550363126996,12.855012515971135,2876.3090504485413,0,0,
221,yelp_review_full,4.407792521290028,12.698683821572471,2841.3305050768404,0,0,
222,amazon_review_full,4.312233042898663,13.065216830949792,2923.342265925016,0,0,
223,yelp_review_full,4.4306081986554515,12.664236195677482,2833.6228487828366,0,0,
224,amazon_review_full,4.321008010113366,13.04251205305118,2918.2620718702015,0,0,
225,yelp_review_full,4.366557171526157,12.762228298100833,2855.5485817000613,0,0,
226,yahoo_answers,6.599759174662658,9.174815474562322,907.2873080400518,0,0,
227,yelp_review_full,4.279620684876067,12.965923677226865,2901.125422779511,0,0,
228,yelp_review_full,4.3839274074915915,12.746149625961888,2851.950978808972,0,0,
229,yahoo_answers,6.496234804880548,9.34105167947896,923.7262216373638,0,0,
230,yelp_review_full,4.369774125455323,12.671460008603983,2835.2391769251412,0,0,
231,yelp_review_full,4.350185788786413,12.694809929116433,2840.463721639802,0,0,
232,yahoo_answers,6.411499721410729,9.40737989014403,930.2853446920207,0,0,
233,amazon_review_full,4.30338221343247,12.998504355349562,2908.4153495094642,0,0,
234,yahoo_answers,6.460179955052815,9.440169820999458,933.5279045210575,0,0,
235,yelp_review_full,4.405390369970195,12.554564198545302,2809.0837394245114,0,0,
236,yelp_review_full,4.372190418191873,12.752439196138383,2853.3582701359633,0,0,
237,yahoo_answers,6.593667027402067,9.276413271021344,917.334201245444,0,0,
238,yelp_review_full,4.318381825087759,12.850863954399541,2875.380809796897,0,0,
239,yelp_review_full,4.344991193441526,12.680106934516216,2837.173926598003,0,0,
240,yahoo_answers,6.486468730679742,9.382622959714062,927.8371593495017,0,0,
241,yelp_review_full,4.429377329581445,12.4996189061799,2796.7897302577526,2.976795833594206,2,
242,yelp_review_full,4.264584819038991,12.934541841328237,2894.1037369971928,0,0,
243,yahoo_answers,6.423251378684255,9.408004174612351,930.3470794894436,0,0,
244,yelp_review_full,4.323223421383738,12.845047715873918,2874.0794264267893,0,0,
245,yelp_review_full,4.318475604895273,12.828639065010037,2870.407990795996,0,0,
246,yahoo_answers,6.450224211526717,9.40288572221391,929.8409214189311,0,0,
247,yelp_review_full,4.31490676009768,12.935574142977417,2894.3347144911972,0,0,
248,amazon_review_full,4.385047498042211,12.862626149467788,2878.0126009434175,0,0,
249,yelp_review_full,4.248374122308944,13.082737636508307,2927.262546168734,0,0,
250,banking77__10,6.447338570354892,9.195052654511715,909.2885402794918,0,0,
251,amazon_review_full,4.392043415632494,12.932022572720992,2893.540050646322,3.0622457887127377,2,
252,banking77__4,3.9123211045683517,13.984965595572715,4176.843057877718,0,0,
253,banking77__4,3.753729607638312,14.379081132507007,4294.552231575426,0,0,
254,ag_news,3.7658765319268133,14.621413861886092,4366.928940083312,0,0,
255,banking77__2,2.58567502534322,18.918257512413785,16988.59524614758,3.6754325062749693,2,
256,tweet_eval_emoji_10,7.059861145843322,9.505336393773565,939.9721544953858,0,0,
257,banking77__2,2.5644722581549506,19.0383168422447,17096.40852433574,0,0,
258,banking77__14,7.787289534979388,7.816309424505308,532.7115500085926,0,0,
259,tweet_eval_emoji_10,6.90206323582112,9.772818741608562,966.4231866701799,0,0,
260,banking77__5,4.29121596839916,13.072770821445584,2925.0324712984493,0,0,
261,banking77__10,6.463247997704771,9.290120987828118,918.6897421296694,0,0,
262,tweet_eval_emoji_14,9.151952438837151,8.677744546534472,591.4216667868878,0,0,
263,banking77__5,4.370709763554223,12.698032391824716,2841.1847476707803,0,0,
264,tweet_eval_emoji_10,6.874353494513748,9.462049787854966,935.6915901323243,0,0,
265,banking77__5,4.369569805183475,12.807652616561448,2865.712272955624,0,0,
266,tweet_eval_emoji_10,6.935304241930635,9.75843535500229,965.0008295502264,0,0,
267,dbpedia,7.890070925280107,7.691051485049993,524.1747396734072,0,0,
268,yahoo_answers,6.64056435672492,9.131195433813593,902.9737706771219,0,0,
269,banking77__4,3.9181532126585763,13.857620186554422,4138.80922905092,0,0,
270,tweet_eval_emoji_5,4.458484038257416,13.348663361761915,2986.7634271942284,0,0,
271,tweet_eval_emoji_2,2.587506673011007,20.046386689726916,18001.65524737477,0,0,
272,tweet_eval_emoji_2,2.532120902673926,21.173852935678852,19014.119936239607,0,0,
273,amazon_review_full,4.341439177764254,12.863417123440446,2878.1895813697997,0,0,
274,ag_news,3.862808523202658,14.37215092845735,4292.482410632595,0,0,
275,tweet_eval_emoji_2,2.5843622902867045,20.327309037097994,18253.923515314,0,0,
276,tweet_eval_emoji_2,2.554450148580637,20.50149810923814,18410.345302095848,2.905097529805655,2,
277,amazon_review_polarity,2.727822648068003,18.836184829933067,16914.893977279895,0,0,
278,yelp_review_full,4.3256113021082685,12.825375354914835,2869.677735662194,0,0,
279,tweet_eval_emoji_4,3.760777264260085,15.19051445294188,4536.900316611975,0,0,
280,yahoo_answers,6.553006450903119,9.235127743829935,913.2515213342936,0,0,
281,yelp_review_full,4.376125805991845,12.665591846967473,2833.926175758972,3.419445412203478,2,
282,dbpedia,7.825037546787126,7.778506322733415,530.1351232262928,0,0,
283,amazon_review_full,4.392193041939718,12.916793993542797,2890.1326560552006,3.1531669371808326,2,
284,banking77__10,6.411037272205481,9.286368149640408,918.318628131107,0,0,
285,ag_news,3.9171444379186737,14.286971854962593,4267.042260682161,0,0,
286,yelp_review_polarity,2.602023313742599,19.076489372299044,17130.68745632454,0,0,
287,banking77__10,6.446411292278549,9.34563861888528,924.1798189786555,0,0,
288,ag_news,3.84408211295505,14.544541972247305,4343.969869044528,0,0,
289,dbpedia,7.7980774629027945,7.808647874339585,532.1893858972979,0,0,
290,banking77__4,3.8635603492903448,14.011030025618863,4184.627634318167,0,0,
291,banking77__14,7.921480339706681,7.727952317585322,526.6896733369688,0,0,
292,tweet_eval_emoji_5,4.485537887836789,13.033266456007812,2916.193369531748,3.0388060065707925,2,
293,tweet_eval_emoji_14,8.940319274312643,8.231652228852793,561.0187595971981,0,0,
294,banking77__14,7.779611944833029,7.767500832718123,529.3850567529428,0,0,
295,tweet_eval_emoji_10,7.064465798212664,9.58984753920649,948.3293677659751,0,0,
296,tweet_eval_emoji_5,4.489344472949687,13.012405010287388,2911.5256210518032,0,0,
297,dbpedia,7.791373322098674,7.8220753830168395,533.104522257917,0,0,
298,ag_news,3.9030989728258008,14.175651100318245,4233.794461961716,0,0,
299,banking77__4,3.7975804383784832,14.380697325191768,4295.034934457275,0,0,
300,banking77__4,3.8101389404028323,14.235098402388878,4251.549389513479,0,0,
301,banking77__4,3.839025634027272,14.168952349921637,4231.793768509929,0,0,
302,banking77__4,3.9297299718997807,14.035737738810207,4192.007004657981,0,0,
303,banking77__4,3.919907270629453,13.853602992268923,4137.609427024318,0,0,
304,banking77__4,3.8477548697457613,14.021972797974923,4187.895875661844,0,0,
305,banking77__4,3.869862511439522,14.011298676716706,4184.707871446056,3.0389741477418015,2,
306,banking77__4,3.834603470805159,14.341881143660995,4283.44183490675,0,0,
307,banking77__4,3.8393899379521157,14.264700021362621,4260.390406380303,0,0,
308,banking77__4,3.839243305627657,14.093107159019285,4209.141338160426,0,0,
309,banking77__4,3.905508280115422,13.927733873356807,4159.7498501759,0,0,
310,banking77__4,3.807654404645062,14.235709479903337,4251.731897997796,0,0,
311,banking77__4,3.83533712533403,13.97880607230076,4175.003413593827,0,0,
312,banking77__4,3.8365453964737855,14.104387079353495,4212.51027436691,0,0,
313,banking77__4,3.8763586358283755,14.265134951909165,4260.520305636871,0,0,
314,banking77__4,3.8434415432155857,14.133368109431142,4221.165942016768,0,0,
315,banking77__4,3.8236433531934524,14.140605674301918,4223.327561391506,0,0,
316,banking77__4,3.9259270659449603,13.952512621707115,4167.150436349858,0,0,
317,banking77__4,3.838440678140244,14.065955668003022,4201.032092843569,2.942063717702002,2,
318,banking77__4,4.030960445101359,13.638995503180825,4073.513323616673,0,0,
319,banking77__4,3.7823798126282355,14.333498487631877,4280.938214972721,0,0,
320,banking77__4,3.710782533321037,14.65321248173206,4376.426127877309,0,0,
321,banking77__4,3.890308885682799,13.793788108005035,4119.744714924171,3.7613757162210124,2,
322,banking77__4,4.018866081925726,13.67670775608095,4084.7767164828438,0,0,
323,banking77__4,3.9231879546598534,13.862999905145385,4140.415971670088,0,0,
324,banking77__4,3.7249033342523306,14.315124885759237,4275.450632546759,0,0,
325,banking77__4,3.883592393752379,14.176414581442787,4234.022488324245,0,0,
326,banking77__4,3.8230796501891904,14.130674663191416,4220.361499406503,0,0,
327,banking77__4,3.777766342006474,14.426528126911975,4308.72306723771,0,0,
328,banking77__4,3.805443830529918,14.271088159002232,4262.298330155333,0,0,
329,banking77__4,3.763710488059121,14.47743256131549,4323.92652497956,0,0,
330,banking77__4,3.8449141154466036,14.137966774490842,4222.539409981265,0,0,
331,banking77__4,3.8746136521025925,14.157674878406295,4228.4255636840135,3.469831887308215,2,
332,banking77__4,3.837974006776041,14.093972600325774,4209.399816630631,0,0,
333,banking77__4,3.767604705470821,14.390329515378259,4297.911748592974,0,0,
334,banking77__4,3.8570434991961022,14.183013006710945,4235.993218004335,0,0,
335,banking77__4,3.9182259180246595,13.738083212059898,4103.107519335223,0,0,
336,banking77__4,3.859289313768346,14.05327192253549,4197.243880863934,0,0,
337,banking77__4,3.9253354102438616,13.770497611454465,4112.7886199544,0,0,
338,banking77__4,3.864309435985652,14.223264618856902,4248.015032831928,3.4329370997650734,2,
339,banking77__4,3.8146959145281594,14.275946085104627,4263.749230751248,0,0,
340,banking77__4,3.7695423900127323,14.35190108085083,4286.434456147447,0,0,
341,banking77__4,3.857484907879673,14.21299971483011,4244.949248162593,0,0,
342,banking77__4,3.8684228961100677,14.215275808580826,4245.6290414961395,0,0,
343,banking77__4,3.940232167446992,13.949015509936041,4166.10596563423,0,0,
344,banking77__4,3.8901360686545345,14.081624076249856,4205.7117241066235,0,0,
345,banking77__4,3.8104763842272256,14.200981786219446,4241.3598934842075,4.113433889216395,2,
346,banking77__4,3.85471755398968,13.993702623238194,4179.4525168071405,0,0,
347,banking77__4,3.845237277459282,14.100956552489935,4211.48569034366,0,0,
348,banking77__4,3.7732703581362186,14.330674281048273,4280.094718606418,0,0,
349,banking77__4,3.7543329066236866,14.545932692245067,4344.385230750527,0,0,
350,yelp_review_full,4.426036341050195,12.730394307532917,2848.42572631049,0,0,
351,banking77__14,7.774064955475013,7.7933198457157795,531.1447217926293,0,0,
352,amazon_review_full,4.2092333714285575,13.293707529081583,2974.4670596320043,0,0,
353,tweet_eval_emoji_10,7.271856757481951,9.704473959646956,959.6646471206435,0,0,
354,yelp_review_full,4.389297294708971,12.700700001172363,2841.781625262316,0,0,
355,tweet_eval_emoji_4,3.8942308361378863,14.735618634227995,4401.038098756095,0,0,
356,tweet_eval_emoji_2,2.5338214900247245,20.53989166730355,18444.82271723859,0,0,
357,banking77__4,3.840893267501971,14.220089002823089,4247.066582176496,0,0,
358,tweet_eval_emoji_2,2.583754764717439,20.720106549322367,18606.655681291486,0,0,
359,tweet_eval_emoji_4,3.8699547831719046,14.538833817060977,4342.265033362212,0,0,
360,tweet_eval_emoji_5,4.576799758842559,13.291108220756032,2973.885464394162,0,0,
361,tweet_eval_emoji_4,3.8016440731667998,15.140008279896335,4521.8158062623725,0,0,
362,banking77__4,3.893218134312079,14.158819233947693,4228.767344539044,0,0,
363,ag_news,3.8319653928316084,14.686974256844126,4386.509644710779,3.0507152893497222,2,
364,banking77__4,3.867550629959511,14.042116826513864,4193.912225518808,0,0,
365,amazon_review_polarity,2.585909393347499,19.4374866478689,17454.863009786273,0,0,
366,banking77__2,2.606495337774543,19.020292307965114,17080.22249255267,0,0,
367,tweet_eval_emoji_10,7.042662976622099,9.410352672680373,930.579319853948,0,0,
368,tweet_eval_emoji_14,8.929758941276473,8.247880081491791,562.1247501693636,0,0,
369,banking77__14,7.70731017397459,7.876139398012374,536.7891928183818,0,0,
370,amazon_review_full,4.2385646185504955,13.133776667566565,2938.682529368019,0,0,
371,tweet_eval_emoji_2,2.6603345585672664,19.67692410760602,17669.877848630207,0,0,
372,amazon_review_full,4.407809535218855,12.793602020238128,2862.568452028281,0,0,
373,banking77__14,7.73466543996496,7.873661595780986,536.6203210663041,0,0,
374,tweet_eval_emoji_5,4.4742471720480825,13.393762786984883,2996.8544235878676,3.4083362718290635,2,
375,banking77__5,4.362226329939033,12.973753437139552,2902.8773315599747,0,0,
376,dbpedia,7.811092463289469,7.8131158743172655,532.4938972803922,0,0,
377,dbpedia,7.84287060374143,7.827063204701185,533.4444614896346,0,0,
378,tweet_eval_emoji_14,9.130509948712264,8.307887166589891,566.2144638152803,0,0,
379,tweet_eval_emoji_10,6.96310742089419,9.57466577709156,946.8280601790543,0,0,
380,banking77__2,2.6497263761395127,18.660480931744672,16757.111876706716,0,0,
381,banking77__5,4.379083920953712,12.814667605960379,2867.2818768336347,0,0,
382,dbpedia,7.829695946438357,7.780408993644233,530.26479756683,0,0,
383,banking77__5,4.387000610344649,12.758772145495792,2854.7752675546835,0,0,
384,banking77__2,2.531415834616539,19.497890983799188,17509.10610345167,0,0,
385,tweet_eval_emoji_14,9.38815420266789,8.35816770822213,569.6412761142159,0,0,
386,yelp_review_full,4.417921099851738,12.524533376088806,2802.3643428998703,0,0,
387,banking77__4,3.739155757099374,14.58417805694713,4355.807846341543,0,0,
388,tweet_eval_emoji_4,3.878540775349849,14.885747784349027,4445.876671592243,0,0,
389,banking77__5,4.363759547051794,12.916797373715116,2890.1334123687575,0,0,
390,tweet_eval_emoji_5,4.3770083685598715,13.413739493280941,3001.3242116216106,3.4015710052872317,2,
391,banking77__2,2.645121714320743,18.744349987397804,16832.42628868323,0,0,
392,banking77__10,6.391408906929453,9.280226427977155,917.7112800999631,0,0,
393,dbpedia,7.8618658561194295,7.744351988729039,527.8073740010715,0,0,
394,yelp_review_full,4.350645626774838,12.837755362633546,2872.447762389256,0,0,
395,tweet_eval_emoji_14,9.14793224587191,8.353228344929056,569.3046395082418,0,0,
396,tweet_eval_emoji_4,3.8769296086324894,14.736827331501075,4401.3990963416545,0,0,
397,yelp_review_full,4.324827492866846,12.818635206620122,2868.1696274812525,0,0,
398,dbpedia,7.907071678038267,7.669505659767614,522.7063088118543,0,0,
399,tweet_eval_emoji_5,4.547529662339377,12.962899783758346,2900.4488266159296,3.0373113179461955,2,
400,banking77__10,6.524814739966149,9.092561180597391,899.1532723035198,0,0,
401,banking77__4,3.831836642621262,14.30943537747483,4273.751366072483,3.088871010309451,2,
402,dbpedia,7.8503441030957255,7.805632368559199,531.9838675802655,0,0,
403,tweet_eval_emoji_2,2.5142408880933345,20.3985317774635,18317.881536162222,0,0,
404,banking77__2,2.719270692262391,18.528825986383225,16638.885735772135,0,0,
405,tweet_eval_emoji_2,2.524540562264669,20.828400109795663,18703.903298596506,0,0,
406,amazon_review_full,4.39435227881731,12.832489266164165,2871.269473304232,0,0,
407,dbpedia,7.8830428348021435,7.724376868085299,526.4459927018135,0,0,
408,tweet_eval_emoji_4,3.8674400285494515,14.997173388021706,4479.155785222482,0,0,
409,banking77__10,6.359651963195977,9.325782318937174,922.2162515393427,0,0,
410,tweet_eval_emoji_4,3.8983580733121963,14.639525227382983,4372.33820124505,0,0,
411,tweet_eval_emoji_4,3.6892192847370637,15.314715437247806,4573.995010591345,0,0,
412,banking77__4,3.870882401056874,14.071160458117133,4202.58659015765,0,0,
413,banking77__10,6.458654180893189,9.186911217140787,908.4834425839223,0,0,
414,banking77__4,3.878888995006835,13.946374177607666,4165.3170877121565,0,0,
415,tweet_eval_emoji_2,2.5731042351215163,20.346995739791563,18271.602174332824,0,0,
416,yelp_review_full,4.4535228672156375,12.35096494984615,2763.528407528076,0,0,
417,tweet_eval_emoji_14,9.013845110097334,8.239020762942577,561.5209535359326,0,0,
418,banking77__5,4.560956820395811,12.255453796963337,2742.157787070547,0,0,
419,ag_news,4.068584658870716,13.84575776266146,4135.266318448223,0,0,
420,yelp_review_full,4.349694389305297,12.799741109803499,2863.942073318533,0,0,
421,tweet_eval_emoji_14,9.44483529848688,8.568444151392008,583.9724244717937,2.6894673105872955,2,
422,banking77__14,7.801430428013202,7.811888150131302,532.4102231551026,3.0079494669906426,2,
423,banking77__14,7.840002646589809,7.7392243998408645,527.4579090968466,0,0,
424,tweet_eval_emoji_4,3.9856612234752227,14.416270150243568,4305.6593515394125,0,0,
425,tweet_eval_emoji_2,2.682120513721572,19.091605542590457,17144.26177724623,3.492421805118228,2,
426,ag_news,3.8761905378665147,14.442937031127462,4313.6238599634025,0,0,
427,dbpedia,7.8887806652293655,7.75830277361231,528.7581736477313,0,0,
428,tweet_eval_emoji_14,9.220421177402146,8.239784742067288,561.5730216516629,0,0,
429,banking77__5,4.373076961245591,12.854642818077176,2876.226330544768,0,0,
430,amazon_review_polarity,2.5674966917314666,19.681888640280363,17674.335998971765,0,0,
431,amazon_review_polarity,2.497818053177101,19.940093361371563,17906.203838511665,0,0,
432,banking77__14,7.81241491733247,7.8568440344561825,535.4741395790905,0,0,
433,banking77__4,3.855787934335318,14.304497020506199,4272.276443457851,0,0,
434,amazon_review_polarity,2.56573560258858,19.52637734985964,17534.686860173955,0,0,
435,banking77__10,6.347317293788334,9.26655021879518,916.3588549697456,0,0,
436,tweet_eval_emoji_14,9.331534720509811,8.45406074162581,576.1767551600359,0,0,
437,dbpedia,7.837445933101687,7.777260864583154,530.0502404631287,0,0,
438,tweet_eval_emoji_5,4.465672718466572,13.070249100397925,2924.4682362140356,0,0,
439,tweet_eval_emoji_10,6.901180582035493,9.670201933247675,956.2755245100478,0,0,
440,banking77__10,6.3599835741850965,9.292768111771927,918.951513275224,0,0,
441,tweet_eval_emoji_14,9.398721736105587,8.275136276246613,563.982364673423,0,0,
442,amazon_review_full,4.326945160225478,13.02782592039006,2914.976049687276,0,0,
443,ag_news,3.8825162197065444,14.26579515901731,4260.71748749317,3.2927479826363526,2,
444,banking77__5,4.205221699759224,13.361653472432158,2989.669964456695,0,0,
445,banking77__2,2.671704988352529,18.555756516559605,16663.069351870527,0,0,
446,banking77__2,2.6428044573640403,18.63729224873123,16736.288439360647,0,0,
447,tweet_eval_emoji_10,7.071020560517387,9.556890549965848,945.0702877188451,0,0,
448,banking77__5,4.498865084182875,12.57350454211651,2813.321641298569,3.0740709776358655,2,
449,yelp_review_full,4.348085633234124,12.534232717400558,2804.534570518375,0,0,
450,banking77__5,4.317230939838619,12.824383501244219,2869.455808403394,0,0,
451,yelp_review_full,4.378699314714023,12.686660199169314,2838.640219564134,0,0,
452,tweet_eval_emoji_2,2.624696345417544,19.938247222716036,17904.546005999,3.3631489138886805,3,
453,tweet_eval_emoji_10,7.168213331374735,9.769558036737171,966.1007391884536,0,0,
454,amazon_review_full,4.358758668388152,12.944641813301633,2896.36360572624,0,0,
455,banking77__4,3.854316351694474,13.99961264450795,4181.217643159708,0,0,
456,yelp_review_full,4.388806096265842,12.577072472325023,2814.119965682724,0,0,
457,tweet_eval_emoji_4,3.890408026357929,14.779789146713515,4414.230358485103,0,0,
458,banking77__14,7.712284023622724,7.814708370646186,532.6024320301939,3.308313324752432,2,
459,banking77__2,2.629238580778049,18.455522751891234,16573.05943119833,0,0,
460,tweet_eval_emoji_2,2.564641851538551,19.95359576507727,17918.32899703939,0,0,
461,banking77__14,7.901848633940788,7.662870140503654,522.2540726527875,3.2286386832062313,2,
462,banking77__14,7.8339737718805775,7.776411607205881,529.9923603064931,3.7960840248571492,2,
463,tweet_eval_emoji_4,3.87150469444468,14.747345640833771,4404.54056472902,0,0,
464,banking77__14,7.694033601022358,7.842580456993955,534.5020219151264,0,0,
465,banking77__10,6.431287949249227,9.226690704292318,912.417191868907,2.6749522628506717,2,
466,yelp_review_full,4.352987016493711,12.708900629707069,2843.6165158969566,0,0,
467,amazon_review_full,4.383022718011764,12.933034780404952,2893.7665321156082,0,0,
468,banking77__2,2.6573849252046684,18.490570306356858,16604.532135108457,0,0,
469,dbpedia,7.779370636660761,7.84505013933949,534.6703402657529,0,0,
470,tweet_eval_emoji_10,7.112689885772436,9.675903872218365,956.8393829193717,0,0,
471,banking77__4,3.9136194384997873,13.944013917601158,4164.612156723546,0,0,
472,banking77__5,4.458655887592652,12.585201042249576,2815.9387332033425,0,0,
473,ag_news,3.8746246262685466,14.346161795799782,4284.720323012201,2.7372991425002553,2,
474,tweet_eval_emoji_14,9.281182920017901,8.323471515674953,567.2765971452314,0,0,
475,tweet_eval_emoji_10,6.870343542162882,9.69507215930178,958.7349135309537,0,0,
476,banking77__5,4.38589528736838,12.928051938462511,2892.651621230987,0,0,
477,tweet_eval_emoji_5,4.495394204084987,12.98714383859749,2905.873433886188,3.222804731495783,3,
478,banking77__14,7.722307750337982,7.863266689390298,535.9118682153695,0,0,
479,banking77__14,7.743154386241925,7.9585825771804775,542.4080125678387,0,0,
480,tweet_eval_emoji_2,2.5145425808870017,20.601470973590413,18500.12093428419,2.6851653876432904,2,
481,tweet_eval_emoji_5,4.5985053579899615,12.668254914976185,2834.5220372259214,0,0,
482,ag_news,3.867468968008507,14.22226329841334,4247.715971792784,0,0,
483,tweet_eval_emoji_10,7.051347208562397,9.706169211745117,959.8322887170171,0,0,
484,tweet_eval_emoji_10,7.105666465693951,9.538212895576057,943.223275229188,0,0,
485,yelp_review_full,4.400862087862083,12.81762586020542,2867.9437862209625,0,0,
486,banking77__14,7.736025532202613,7.898375018641794,538.3046358858945,2.728505912172747,2,
487,ag_news,4.000627054508447,14.002476013839866,4182.072836133507,0,0,
488,banking77__2,2.637008720306721,19.533457885448094,17541.045181132387,0,0,
489,ag_news,3.859931406228597,14.446506316583339,4314.68988655289,0,0,
490,banking77__14,7.8186833759463905,7.819084626160947,532.9006906752768,3.162473498433653,2,
491,tweet_eval_emoji_14,9.055057384600827,8.540879568022053,582.093792097503,0,0,
492,dbpedia,7.724471239517671,7.888780524189009,537.6507341870355,0,0,
493,yelp_review_full,4.438626165676644,12.506646709354023,2798.3622012179626,0,0,
494,banking77__14,7.617154130197072,7.972105978269375,543.3296843651282,0,0,
495,tweet_eval_emoji_14,9.496165590665795,8.329337252155296,567.6763696468918,0,0,
496,tweet_eval_emoji_10,7.203771155379855,9.454714885223915,934.9662497610316,0,0,
497,banking77__4,3.7972870741258005,14.349186838941986,4285.623802564006,0,0,
498,yelp_review_full,4.373099307926926,12.576928915855799,2814.087844922735,0,0,
499,banking77__2,2.5967083500398083,18.951375924016553,17018.335579766863,0,0,
